id,manhole_id,operation_id,device_id,district,division,area,location,before_path,after_path,timestamp,operation_time_minutes,gas_status,gas_data_raw,waste_collected_kg,blockage_level
1,MH-0001,sb_006,sb_006,Hyderabad,Division 9 (Kukatpally),Hasmathpet,"{""latitude"": ""17.475066"", ""longitude"": ""78.491433""}",/images/before.png,/images/after.png,2025-07-29 16:09:40.525037+00:00,22,toxic,"{""CO"": 3.81, ""CH4"": 38.53, ""H2S"": 1.31}",10,high
2,MH-0001,sb_010,sb_010,Hyderabad,Division 9 (Kukatpally),Hasmathpet,"{""latitude"": ""17.475066"", ""longitude"": ""78.491433""}",/images/before.png,/images/after.png,2025-07-29 15:46:40.525037+00:00,19,safe,"{""CO"": 4.6, ""CH4"": 84.28, ""H2S"": 19.67}",8,low
3,MH-0001,sb_008,sb_008,Hyderabad,Division 9 (Kukatpally),Hasmathpet,"{""latitude"": ""17.475066"", ""longitude"": ""78.491433""}",/images/before.png,/images/after.png,2025-07-29 15:19:40.525037+00:00,24,safe,"{""CO"": 2.14, ""CH4"": 93.09, ""H2S"": 5.19}",5,low
4,MH-0001,sb_001,sb_001,Hyderabad,Division 9 (Kukatpally),Hasmathpet,"{""latitude"": ""17.475066"", ""longitude"": ""78.491433""}",/images/before.png,/images/after.png,2025-07-29 14:52:40.525037+00:00,30,toxic,"{""CO"": 1.52, ""CH4"": 3.7, ""H2S"": 8.71}",6,high
5,MH-0001,sb_001,sb_001,Hyderabad,Division 9 (Kukatpally),Hasmathpet,"{""latitude"": ""17.475066"", ""longitude"": ""78.491433""}",/images/before.png,/images/after.png,2025-07-29 14:31:40.525037+00:00,19,safe,"{""CO"": 4.35, ""CH4"": 82.07, ""H2S"": 8.25}",9,low
6,MH-0001,sb_005,sb_005,Hyderabad,Division 9 (Kukatpally),Hasmathpet,"{""latitude"": ""17.475066"", ""longitude"": ""78.491433""}",/images/before.png,/images/after.png,2025-07-29 14:16:40.525037+00:00,17,safe,"{""CO"": 2.72, ""CH4"": 75.68, ""H2S"": 16.3}",6,low
7,MH-0002,sb_002,sb_002,Hyderabad,Division 9 (Kukatpally),Hasmathpet,"{""latitude"": ""17.4734"", ""longitude"": ""78.496299""}",/images/before.png,/images/after.png,2025-07-29 16:01:40.525037+00:00,30,toxic,"{""CO"": 3.0, ""CH4"": 6.02, ""H2S"": 0.95}",10,high
8,MH-0002,sb_008,sb_008,Hyderabad,Division 9 (Kukatpally),Hasmathpet,"{""latitude"": ""17.4734"", ""longitude"": ""78.496299""}",/images/before.png,/images/after.png,2025-07-29 15:32:40.525037+00:00,15,safe,"{""CO"": 3.0, ""CH4"": 6.02, ""H2S"": 0.95}",4,low
9,MH-0002,sb_010,sb_010,Hyderabad,Division 9 (Kukatpally),Hasmathpet,"{""latitude"": ""17.4734"", ""longitude"": ""78.496299""}",/images/before.png,/images/after.png,2025-07-29 15:06:40.525037+00:00,18,alert,"{""CO"": 3.54, ""CH4"": 7.71, ""H2S"": 8.66}",3,medium
10,MH-0002,sb_003,sb_003,Hyderabad,Division 9 (Kukatpally),Hasmathpet,"{""latitude"": ""17.4734"", ""longitude"": ""78.496299""}",/images/before.png,/images/after.png,2025-07-29 14:49:40.525037+00:00,15,safe,"{""CO"": 3.54, ""CH4"": 7.71, ""H2S"": 8.66}",2,low
11,MH-0002,sb_003,sb_003,Hyderabad,Division 9 (Kukatpally),Hasmathpet,"{""latitude"": ""17.4734"", ""longitude"": ""78.496299""}",/images/before.png,/images/after.png,2025-07-29 14:26:40.525037+00:00,29,toxic,"{""CO"": 4.73, ""CH4"": 19.66, ""H2S"": 11.56}",7,high
12,MH-0002,sb_005,sb_005,Hyderabad,Division 9 (Kukatpally),Hasmathpet,"{""latitude"": ""17.4734"", ""longitude"": ""78.496299""}",/images/before.png,/images/after.png,2025-07-29 13:59:40.525037+00:00,20,alert,"{""CO"": 1.3, ""CH4"": 1.53, ""H2S"": 1.75}",6,medium
13,MH-0002,sb_008,sb_008,Hyderabad,Division 9 (Kukatpally),Hasmathpet,"{""latitude"": ""17.4734"", ""longitude"": ""78.496299""}",/images/before.png,/images/after.png,2025-07-29 13:40:40.525037+00:00,22,safe,"{""CO"": 1.3, ""CH4"": 1.53, ""H2S"": 1.75}",4,low
14,MH-0002,sb_004,sb_004,Hyderabad,Division 9 (Kukatpally),Hasmathpet,"{""latitude"": ""17.4734"", ""longitude"": ""78.496299""}",/images/before.png,/images/after.png,2025-07-29 13:11:40.525037+00:00,18,toxic,"{""CO"": 3.25, ""CH4"": 94.48, ""H2S"": 4.37}",6,high
15,MH-0002,sb_009,sb_009,Hyderabad,Division 9 (Kukatpally),Hasmathpet,"{""latitude"": ""17.4734"", ""longitude"": ""78.496299""}",/images/before.png,/images/after.png,2025-07-29 12:49:40.525037+00:00,26,toxic,"{""CO"": 0.01, ""CH4"": 83.47, ""H2S"": 7.86}",10,high
16,MH-0003,sb_003,sb_003,Hyderabad,Division 9 (Kukatpally),Hasmathpet,"{""latitude"": ""17.472804"", ""longitude"": ""78.492663""}",/images/before.png,/images/after.png,2025-07-12 16:12:40.525037+00:00,29,safe,"{""CO"": 0.01, ""CH4"": 83.47, ""H2S"": 7.86}",5,low
18,MH-0003,sb_003,sb_003,Hyderabad,Division 9 (Kukatpally),Hasmathpet,"{""latitude"": ""17.472804"", ""longitude"": ""78.492663""}",/images/before.png,/images/after.png,2025-07-12 15:22:40.525037+00:00,24,toxic,"{""CO"": 2.86, ""CH4"": 75.69, ""H2S"": 9.24}",5,high
20,MH-0003,sb_010,sb_010,Hyderabad,Division 9 (Kukatpally),Hasmathpet,"{""latitude"": ""17.472804"", ""longitude"": ""78.492663""}",/images/before.png,/images/after.png,2025-07-12 14:26:40.525037+00:00,23,safe,"{""CO"": 3.42, ""CH4"": 99.02, ""H2S"": 17.2}",8,low
17,MH-0003,sb_008,sb_008,Hyderabad,Division 9 (Kukatpally),Hasmathpet,"{""latitude"": ""17.472804"", ""longitude"": ""78.492663""}",/images/before.png,/images/after.png,2025-07-12 15:50:40.525037+00:00,28,alert,"{""CO"": 0.01, ""CH4"": 83.47, ""H2S"": 7.86}",9,medium
19,MH-0003,sb_007,sb_007,Hyderabad,Division 9 (Kukatpally),Hasmathpet,"{""latitude"": ""17.472804"", ""longitude"": ""78.492663""}",/images/before.png,/images/after.png,2025-07-12 14:54:40.525037+00:00,27,safe,"{""CO"": 1.06, ""CH4"": 9.08, ""H2S"": 2.9}",5,low
21,MH-0003,sb_003,sb_003,Hyderabad,Division 9 (Kukatpally),Hasmathpet,"{""latitude"": ""17.472804"", ""longitude"": ""78.492663""}",/images/before.png,/images/after.png,2025-07-12 14:07:40.525037+00:00,28,toxic,"{""CO"": 2.86, ""CH4"": 75.69, ""H2S"": 9.24}",7,high
22,MH-0003,sb_002,sb_002,Hyderabad,Division 9 (Kukatpally),Hasmathpet,"{""latitude"": ""17.472804"", ""longitude"": ""78.492663""}",/images/before.png,/images/after.png,2025-07-12 13:39:40.525037+00:00,18,safe,"{""CO"": 3.25, ""CH4"": 94.48, ""H2S"": 4.37}",3,low
23,MH-0003,sb_004,sb_004,Hyderabad,Division 9 (Kukatpally),Hasmathpet,"{""latitude"": ""17.472804"", ""longitude"": ""78.492663""}",/images/before.png,/images/after.png,2025-07-12 13:17:40.525037+00:00,24,safe,"{""CO"": 3.42, ""CH4"": 99.02, ""H2S"": 17.2}",6,low
24,MH-0003,sb_006,sb_006,Hyderabad,Division 9 (Kukatpally),Hasmathpet,"{""latitude"": ""17.472804"", ""longitude"": ""78.492663""}",/images/before.png,/images/after.png,2025-07-12 12:55:40.525037+00:00,19,alert,"{""CO"": 2.29, ""CH4"": 89.41, ""H2S"": 14.6}",6,medium
25,MH-0003,sb_009,sb_009,Hyderabad,Division 9 (Kukatpally),Hasmathpet,"{""latitude"": ""17.472804"", ""longitude"": ""78.492663""}",/images/before.png,/images/after.png,2025-07-12 12:28:40.525037+00:00,23,alert,"{""CO"": 2.75, ""CH4"": 6.4, ""H2S"": 3.08}",8,medium
26,MH-0004,sb_004,sb_004,Hyderabad,Division 9 (Kukatpally),Hasmathpet,"{""latitude"": ""17.478014"", ""longitude"": ""78.496241""}",/images/before.png,/images/after.png,2025-07-03 16:08:40.525037+00:00,19,toxic,"{""CO"": 2.85, ""CH4"": 97.11, ""H2S"": 7.3}",9,high
27,MH-0004,sb_010,sb_010,Hyderabad,Division 9 (Kukatpally),Hasmathpet,"{""latitude"": ""17.478014"", ""longitude"": ""78.496241""}",/images/before.png,/images/after.png,2025-07-03 15:44:40.525037+00:00,21,alert,"{""CO"": 2.29, ""CH4"": 89.41, ""H2S"": 14.6}",9,medium
28,MH-0004,sb_006,sb_006,Hyderabad,Division 9 (Kukatpally),Hasmathpet,"{""latitude"": ""17.478014"", ""longitude"": ""78.496241""}",/images/before.png,/images/after.png,2025-07-03 15:18:40.525037+00:00,26,alert,"{""CO"": 2.0, ""CH4"": 23.9, ""H2S"": 4.7}",10,medium
29,MH-0004,sb_001,sb_001,Hyderabad,Division 9 (Kukatpally),Hasmathpet,"{""latitude"": ""17.478014"", ""longitude"": ""78.496241""}",/images/before.png,/images/after.png,2025-07-03 15:00:40.525037+00:00,19,alert,"{""CO"": 1.16, ""CH4"": 18.76, ""H2S"": 13.94}",8,medium
30,MH-0004,sb_005,sb_005,Hyderabad,Division 9 (Kukatpally),Hasmathpet,"{""latitude"": ""17.478014"", ""longitude"": ""78.496241""}",/images/before.png,/images/after.png,2025-07-03 14:32:40.525037+00:00,23,alert,"{""CO"": 0.43, ""CH4"": 15.22, ""H2S"": 19.6}",9,medium
31,MH-0004,sb_006,sb_006,Hyderabad,Division 9 (Kukatpally),Hasmathpet,"{""latitude"": ""17.478014"", ""longitude"": ""78.496241""}",/images/before.png,/images/after.png,2025-07-03 14:04:40.525037+00:00,19,alert,"{""CO"": 2.0, ""CH4"": 23.9, ""H2S"": 4.7}",6,medium
32,MH-0004,sb_008,sb_008,Hyderabad,Division 9 (Kukatpally),Hasmathpet,"{""latitude"": ""17.478014"", ""longitude"": ""78.496241""}",/images/before.png,/images/after.png,2025-07-03 13:44:40.525037+00:00,30,toxic,"{""CO"": 1.28, ""CH4"": 31.51, ""H2S"": 15.31}",3,high
33,MH-0004,sb_010,sb_010,Hyderabad,Division 9 (Kukatpally),Hasmathpet,"{""latitude"": ""17.478014"", ""longitude"": ""78.496241""}",/images/before.png,/images/after.png,2025-07-03 13:16:40.525037+00:00,23,toxic,"{""CO"": 3.76, ""CH4"": 18.63, ""H2S"": 16.71}",10,high
34,MH-0005,sb_007,sb_007,Hyderabad,Division 9 (Kukatpally),Hasmathpet,"{""latitude"": ""17.470912"", ""longitude"": ""78.485307""}",/images/before.png,/images/after.png,2025-07-08 16:07:40.525037+00:00,30,alert,"{""CO"": 0.99, ""CH4"": 5.46, ""H2S"": 2.72}",8,medium
35,MH-0005,sb_010,sb_010,Hyderabad,Division 9 (Kukatpally),Hasmathpet,"{""latitude"": ""17.470912"", ""longitude"": ""78.485307""}",/images/before.png,/images/after.png,2025-07-08 15:46:40.525037+00:00,18,alert,"{""CO"": 0.99, ""CH4"": 5.46, ""H2S"": 2.72}",5,medium
36,MH-0005,sb_008,sb_008,Hyderabad,Division 9 (Kukatpally),Hasmathpet,"{""latitude"": ""17.470912"", ""longitude"": ""78.485307""}",/images/before.png,/images/after.png,2025-07-08 15:19:40.525037+00:00,15,safe,"{""CO"": 4.33, ""CH4"": 22.08, ""H2S"": 1.79}",7,low
37,MH-0006,sb_008,sb_008,Hyderabad,Division 9 (Kukatpally),Hasmathpet,"{""latitude"": ""17.474052"", ""longitude"": ""78.494978""}",/images/before.png,/images/after.png,2025-07-17 16:09:40.525037+00:00,27,toxic,"{""CO"": 4.33, ""CH4"": 22.08, ""H2S"": 1.79}",9,high
38,MH-0006,sb_004,sb_004,Hyderabad,Division 9 (Kukatpally),Hasmathpet,"{""latitude"": ""17.474052"", ""longitude"": ""78.494978""}",/images/before.png,/images/after.png,2025-07-17 15:40:40.525037+00:00,17,safe,"{""CO"": 0.03, ""CH4"": 74.07, ""H2S"": 11.1}",5,low
39,MH-0006,sb_003,sb_003,Hyderabad,Division 9 (Kukatpally),Hasmathpet,"{""latitude"": ""17.474052"", ""longitude"": ""78.494978""}",/images/before.png,/images/after.png,2025-07-17 15:22:40.525037+00:00,15,toxic,"{""CO"": 0.03, ""CH4"": 74.07, ""H2S"": 11.1}",3,high
40,MH-0006,sb_005,sb_005,Hyderabad,Division 9 (Kukatpally),Hasmathpet,"{""latitude"": ""17.474052"", ""longitude"": ""78.494978""}",/images/before.png,/images/after.png,2025-07-17 15:02:40.525037+00:00,23,toxic,"{""CO"": 1.13, ""CH4"": 30.27, ""H2S"": 7.72}",2,high
41,MH-0007,sb_006,sb_006,Hyderabad,Division 9 (Kukatpally),Hasmathpet,"{""latitude"": ""17.472616"", ""longitude"": ""78.486659""}",/images/before.png,/images/after.png,2025-07-21 16:00:40.525037+00:00,24,safe,"{""CO"": 1.92, ""CH4"": 98.28, ""H2S"": 14.85}",2,low
42,MH-0007,sb_009,sb_009,Hyderabad,Division 9 (Kukatpally),Hasmathpet,"{""latitude"": ""17.472616"", ""longitude"": ""78.486659""}",/images/before.png,/images/after.png,2025-07-21 15:44:40.525037+00:00,22,safe,"{""CO"": 0.03, ""CH4"": 74.07, ""H2S"": 11.1}",2,low
43,MH-0007,sb_009,sb_009,Hyderabad,Division 9 (Kukatpally),Hasmathpet,"{""latitude"": ""17.472616"", ""longitude"": ""78.486659""}",/images/before.png,/images/after.png,2025-07-21 15:24:40.525037+00:00,29,toxic,"{""CO"": 1.28, ""CH4"": 55.29, ""H2S"": 10.4}",3,high
44,MH-0007,sb_009,sb_009,Hyderabad,Division 9 (Kukatpally),Hasmathpet,"{""latitude"": ""17.472616"", ""longitude"": ""78.486659""}",/images/before.png,/images/after.png,2025-07-21 15:09:40.525037+00:00,25,toxic,"{""CO"": 2.25, ""CH4"": 54.59, ""H2S"": 11.86}",7,high
45,MH-0007,sb_001,sb_001,Hyderabad,Division 9 (Kukatpally),Hasmathpet,"{""latitude"": ""17.472616"", ""longitude"": ""78.486659""}",/images/before.png,/images/after.png,2025-07-21 14:45:40.525037+00:00,27,toxic,"{""CO"": 3.58, ""CH4"": 54.61, ""H2S"": 11.84}",3,high
46,MH-0007,sb_010,sb_010,Hyderabad,Division 9 (Kukatpally),Hasmathpet,"{""latitude"": ""17.472616"", ""longitude"": ""78.486659""}",/images/before.png,/images/after.png,2025-07-21 14:29:40.525037+00:00,28,alert,"{""CO"": 0.19, ""CH4"": 70.98, ""H2S"": 18.13}",7,medium
47,MH-0007,sb_008,sb_008,Hyderabad,Division 9 (Kukatpally),Hasmathpet,"{""latitude"": ""17.472616"", ""longitude"": ""78.486659""}",/images/before.png,/images/after.png,2025-07-21 14:00:40.525037+00:00,24,toxic,"{""CO"": 3.52, ""CH4"": 95.06, ""H2S"": 1.86}",6,high
48,MH-0007,sb_008,sb_008,Hyderabad,Division 9 (Kukatpally),Hasmathpet,"{""latitude"": ""17.472616"", ""longitude"": ""78.486659""}",/images/before.png,/images/after.png,2025-07-21 13:33:40.525037+00:00,24,toxic,"{""CO"": 0.06, ""CH4"": 63.63, ""H2S"": 9.86}",7,high
49,MH-0007,sb_001,sb_001,Hyderabad,Division 9 (Kukatpally),Hasmathpet,"{""latitude"": ""17.472616"", ""longitude"": ""78.486659""}",/images/before.png,/images/after.png,2025-07-21 13:17:40.525037+00:00,22,toxic,"{""CO"": 3.52, ""CH4"": 95.06, ""H2S"": 1.86}",3,high
50,MH-0008,sb_001,sb_001,Hyderabad,Division 9 (Kukatpally),Hasmathpet,"{""latitude"": ""17.473591"", ""longitude"": ""78.493463""}",/images/before.png,/images/after.png,2025-07-26 16:01:40.525037+00:00,23,toxic,"{""CO"": 0.73, ""CH4"": 59.45, ""H2S"": 9.87}",5,high
51,MH-0008,sb_004,sb_004,Hyderabad,Division 9 (Kukatpally),Hasmathpet,"{""latitude"": ""17.473591"", ""longitude"": ""78.493463""}",/images/before.png,/images/after.png,2025-07-26 15:31:40.525037+00:00,26,alert,"{""CO"": 3.05, ""CH4"": 41.8, ""H2S"": 7.19}",3,medium
52,MH-0008,sb_010,sb_010,Hyderabad,Division 9 (Kukatpally),Hasmathpet,"{""latitude"": ""17.473591"", ""longitude"": ""78.493463""}",/images/before.png,/images/after.png,2025-07-26 15:12:40.525037+00:00,18,toxic,"{""CO"": 2.29, ""CH4"": 82.52, ""H2S"": 0.04}",8,high
53,MH-0008,sb_009,sb_009,Hyderabad,Division 9 (Kukatpally),Hasmathpet,"{""latitude"": ""17.473591"", ""longitude"": ""78.493463""}",/images/before.png,/images/after.png,2025-07-26 14:49:40.525037+00:00,28,alert,"{""CO"": 0.05, ""CH4"": 54.99, ""H2S"": 9.13}",10,medium
54,MH-0008,sb_002,sb_002,Hyderabad,Division 9 (Kukatpally),Hasmathpet,"{""latitude"": ""17.473591"", ""longitude"": ""78.493463""}",/images/before.png,/images/after.png,2025-07-26 14:25:40.525037+00:00,30,alert,"{""CO"": 3.9, ""CH4"": 53.34, ""H2S"": 4.89}",10,medium
55,MH-0008,sb_008,sb_008,Hyderabad,Division 9 (Kukatpally),Hasmathpet,"{""latitude"": ""17.473591"", ""longitude"": ""78.493463""}",/images/before.png,/images/after.png,2025-07-26 13:59:40.525037+00:00,24,toxic,"{""CO"": 3.9, ""CH4"": 53.34, ""H2S"": 4.89}",8,high
56,MH-0008,sb_009,sb_009,Hyderabad,Division 9 (Kukatpally),Hasmathpet,"{""latitude"": ""17.473591"", ""longitude"": ""78.493463""}",/images/before.png,/images/after.png,2025-07-26 13:30:40.525037+00:00,24,safe,"{""CO"": 2.73, ""CH4"": 39.15, ""H2S"": 5.3}",10,low
57,MH-0008,sb_003,sb_003,Hyderabad,Division 9 (Kukatpally),Hasmathpet,"{""latitude"": ""17.473591"", ""longitude"": ""78.493463""}",/images/before.png,/images/after.png,2025-07-26 13:06:40.525037+00:00,22,toxic,"{""CO"": 0.81, ""CH4"": 51.53, ""H2S"": 17.47}",8,high
58,MH-0008,sb_009,sb_009,Hyderabad,Division 9 (Kukatpally),Hasmathpet,"{""latitude"": ""17.473591"", ""longitude"": ""78.493463""}",/images/before.png,/images/after.png,2025-07-26 12:51:40.525037+00:00,18,safe,"{""CO"": 2.73, ""CH4"": 39.15, ""H2S"": 5.3}",9,low
59,MH-0008,sb_008,sb_008,Hyderabad,Division 9 (Kukatpally),Hasmathpet,"{""latitude"": ""17.473591"", ""longitude"": ""78.493463""}",/images/before.png,/images/after.png,2025-07-26 12:34:40.525037+00:00,22,safe,"{""CO"": 4.97, ""CH4"": 39.81, ""H2S"": 9.55}",8,low
60,MH-0009,sb_010,sb_010,Hyderabad,Division 9 (Kukatpally),Hasmathpet,"{""latitude"": ""17.478249"", ""longitude"": ""78.495694""}",/images/before.png,/images/after.png,2025-07-08 16:13:40.525037+00:00,19,safe,"{""CO"": 1.93, ""CH4"": 0.22, ""H2S"": 9.91}",6,low
61,MH-0009,sb_004,sb_004,Hyderabad,Division 9 (Kukatpally),Hasmathpet,"{""latitude"": ""17.478249"", ""longitude"": ""78.495694""}",/images/before.png,/images/after.png,2025-07-08 15:50:40.525037+00:00,26,toxic,"{""CO"": 1.93, ""CH4"": 0.22, ""H2S"": 9.91}",10,high
62,MH-0009,sb_007,sb_007,Hyderabad,Division 9 (Kukatpally),Hasmathpet,"{""latitude"": ""17.478249"", ""longitude"": ""78.495694""}",/images/before.png,/images/after.png,2025-07-08 15:29:40.525037+00:00,21,safe,"{""CO"": 1.21, ""CH4"": 74.77, ""H2S"": 10.84}",7,low
63,MH-0009,sb_005,sb_005,Hyderabad,Division 9 (Kukatpally),Hasmathpet,"{""latitude"": ""17.478249"", ""longitude"": ""78.495694""}",/images/before.png,/images/after.png,2025-07-08 15:13:40.525037+00:00,17,toxic,"{""CO"": 1.79, ""CH4"": 13.15, ""H2S"": 9.88}",8,high
64,MH-0009,sb_003,sb_003,Hyderabad,Division 9 (Kukatpally),Hasmathpet,"{""latitude"": ""17.478249"", ""longitude"": ""78.495694""}",/images/before.png,/images/after.png,2025-07-08 14:47:40.525037+00:00,25,safe,"{""CO"": 1.79, ""CH4"": 13.15, ""H2S"": 9.88}",10,low
65,MH-0009,sb_002,sb_002,Hyderabad,Division 9 (Kukatpally),Hasmathpet,"{""latitude"": ""17.478249"", ""longitude"": ""78.495694""}",/images/before.png,/images/after.png,2025-07-08 14:24:40.525037+00:00,17,safe,"{""CO"": 1.79, ""CH4"": 13.15, ""H2S"": 9.88}",5,low
66,MH-0009,sb_005,sb_005,Hyderabad,Division 9 (Kukatpally),Hasmathpet,"{""latitude"": ""17.478249"", ""longitude"": ""78.495694""}",/images/before.png,/images/after.png,2025-07-08 14:09:40.525037+00:00,30,safe,"{""CO"": 1.14, ""CH4"": 13.82, ""H2S"": 7.13}",6,low
67,MH-0009,sb_003,sb_003,Hyderabad,Division 9 (Kukatpally),Hasmathpet,"{""latitude"": ""17.478249"", ""longitude"": ""78.495694""}",/images/before.png,/images/after.png,2025-07-08 13:46:40.525037+00:00,28,alert,"{""CO"": 2.61, ""CH4"": 39.38, ""H2S"": 9.12}",7,medium
68,MH-0009,sb_006,sb_006,Hyderabad,Division 9 (Kukatpally),Hasmathpet,"{""latitude"": ""17.478249"", ""longitude"": ""78.495694""}",/images/before.png,/images/after.png,2025-07-08 13:30:40.525037+00:00,29,alert,"{""CO"": 2.61, ""CH4"": 39.38, ""H2S"": 9.12}",9,medium
69,MH-0009,sb_006,sb_006,Hyderabad,Division 9 (Kukatpally),Hasmathpet,"{""latitude"": ""17.478249"", ""longitude"": ""78.495694""}",/images/before.png,/images/after.png,2025-07-08 13:13:40.525037+00:00,19,alert,"{""CO"": 2.61, ""CH4"": 39.38, ""H2S"": 9.12}",5,medium
70,MH-0010,sb_005,sb_005,Hyderabad,Division 9 (Kukatpally),Hasmathpet,"{""latitude"": ""17.474246"", ""longitude"": ""78.494773""}",/images/before.png,/images/after.png,2025-07-12 16:03:40.525037+00:00,26,safe,"{""CO"": 2.61, ""CH4"": 39.38, ""H2S"": 9.12}",6,low
71,MH-0010,sb_005,sb_005,Hyderabad,Division 9 (Kukatpally),Hasmathpet,"{""latitude"": ""17.474246"", ""longitude"": ""78.494773""}",/images/before.png,/images/after.png,2025-07-12 15:36:40.525037+00:00,26,toxic,"{""CO"": 1.03, ""CH4"": 53.62, ""H2S"": 15.29}",4,high
72,MH-0010,sb_005,sb_005,Hyderabad,Division 9 (Kukatpally),Hasmathpet,"{""latitude"": ""17.474246"", ""longitude"": ""78.494773""}",/images/before.png,/images/after.png,2025-07-12 15:17:40.525037+00:00,30,safe,"{""CO"": 1.03, ""CH4"": 53.62, ""H2S"": 15.29}",10,low
73,MH-0010,sb_001,sb_001,Hyderabad,Division 9 (Kukatpally),Hasmathpet,"{""latitude"": ""17.474246"", ""longitude"": ""78.494773""}",/images/before.png,/images/after.png,2025-07-12 14:56:40.525037+00:00,24,alert,"{""CO"": 1.03, ""CH4"": 53.62, ""H2S"": 15.29}",9,medium
74,MH-0010,sb_003,sb_003,Hyderabad,Division 9 (Kukatpally),Hasmathpet,"{""latitude"": ""17.474246"", ""longitude"": ""78.494773""}",/images/before.png,/images/after.png,2025-07-12 14:30:40.525037+00:00,26,safe,"{""CO"": 2.17, ""CH4"": 46.06, ""H2S"": 11.65}",2,low
75,MH-0010,sb_002,sb_002,Hyderabad,Division 9 (Kukatpally),Hasmathpet,"{""latitude"": ""17.474246"", ""longitude"": ""78.494773""}",/images/before.png,/images/after.png,2025-07-12 14:15:40.525037+00:00,26,toxic,"{""CO"": 3.7, ""CH4"": 10.02, ""H2S"": 18.11}",5,high
76,MH-0010,sb_003,sb_003,Hyderabad,Division 9 (Kukatpally),Hasmathpet,"{""latitude"": ""17.474246"", ""longitude"": ""78.494773""}",/images/before.png,/images/after.png,2025-07-12 13:55:40.525037+00:00,21,toxic,"{""CO"": 1.56, ""CH4"": 86.12, ""H2S"": 19.14}",10,high
77,MH-0010,sb_004,sb_004,Hyderabad,Division 9 (Kukatpally),Hasmathpet,"{""latitude"": ""17.474246"", ""longitude"": ""78.494773""}",/images/before.png,/images/after.png,2025-07-12 13:33:40.525037+00:00,18,toxic,"{""CO"": 3.18, ""CH4"": 33.9, ""H2S"": 6.28}",7,high
78,MH-0011,sb_003,sb_003,Hyderabad,Division 9 (Kukatpally),Hasmathpet,"{""latitude"": ""17.475398"", ""longitude"": ""78.49262""}",/images/before.png,/images/after.png,2025-07-01 16:09:40.525037+00:00,16,safe,"{""CO"": 3.52, ""CH4"": 83.02, ""H2S"": 17.21}",5,low
79,MH-0011,sb_003,sb_003,Hyderabad,Division 9 (Kukatpally),Hasmathpet,"{""latitude"": ""17.475398"", ""longitude"": ""78.49262""}",/images/before.png,/images/after.png,2025-07-01 15:52:40.525037+00:00,20,toxic,"{""CO"": 2.5, ""CH4"": 98.01, ""H2S"": 15.09}",7,high
80,MH-0011,sb_007,sb_007,Hyderabad,Division 9 (Kukatpally),Hasmathpet,"{""latitude"": ""17.475398"", ""longitude"": ""78.49262""}",/images/before.png,/images/after.png,2025-07-01 15:32:40.525037+00:00,24,safe,"{""CO"": 2.5, ""CH4"": 98.01, ""H2S"": 15.09}",2,low
81,MH-0011,sb_008,sb_008,Hyderabad,Division 9 (Kukatpally),Hasmathpet,"{""latitude"": ""17.475398"", ""longitude"": ""78.49262""}",/images/before.png,/images/after.png,2025-07-01 15:17:40.525037+00:00,27,toxic,"{""CO"": 4.42, ""CH4"": 40.83, ""H2S"": 8.58}",6,high
82,MH-0012,sb_008,sb_008,Hyderabad,Division 9 (Kukatpally),Hasmathpet,"{""latitude"": ""17.476757"", ""longitude"": ""78.495705""}",/images/before.png,/images/after.png,2025-07-29 16:08:40.525037+00:00,29,safe,"{""CO"": 3.72, ""CH4"": 45.48, ""H2S"": 9.55}",3,low
83,MH-0012,sb_006,sb_006,Hyderabad,Division 9 (Kukatpally),Hasmathpet,"{""latitude"": ""17.476757"", ""longitude"": ""78.495705""}",/images/before.png,/images/after.png,2025-07-29 15:46:40.525037+00:00,23,alert,"{""CO"": 3.98, ""CH4"": 40.56, ""H2S"": 12.58}",2,medium
84,MH-0012,sb_006,sb_006,Hyderabad,Division 9 (Kukatpally),Hasmathpet,"{""latitude"": ""17.476757"", ""longitude"": ""78.495705""}",/images/before.png,/images/after.png,2025-07-29 15:20:40.525037+00:00,23,safe,"{""CO"": 1.41, ""CH4"": 27.15, ""H2S"": 17.73}",7,low
85,MH-0012,sb_005,sb_005,Hyderabad,Division 9 (Kukatpally),Hasmathpet,"{""latitude"": ""17.476757"", ""longitude"": ""78.495705""}",/images/before.png,/images/after.png,2025-07-29 14:59:40.525037+00:00,26,alert,"{""CO"": 3.98, ""CH4"": 40.56, ""H2S"": 12.58}",2,medium
86,MH-0013,sb_006,sb_006,Hyderabad,Division 9 (Kukatpally),Hasmathpet,"{""latitude"": ""17.473315"", ""longitude"": ""78.488963""}",/images/before.png,/images/after.png,2025-07-20 16:03:40.525037+00:00,22,alert,"{""CO"": 0.63, ""CH4"": 30.15, ""H2S"": 12.1}",7,medium
87,MH-0013,sb_005,sb_005,Hyderabad,Division 9 (Kukatpally),Hasmathpet,"{""latitude"": ""17.473315"", ""longitude"": ""78.488963""}",/images/before.png,/images/after.png,2025-07-20 15:44:40.525037+00:00,21,toxic,"{""CO"": 3.08, ""CH4"": 28.82, ""H2S"": 14.56}",2,high
88,MH-0013,sb_001,sb_001,Hyderabad,Division 9 (Kukatpally),Hasmathpet,"{""latitude"": ""17.473315"", ""longitude"": ""78.488963""}",/images/before.png,/images/after.png,2025-07-20 15:26:40.525037+00:00,16,toxic,"{""CO"": 3.08, ""CH4"": 28.82, ""H2S"": 14.56}",3,high
89,MH-0013,sb_001,sb_001,Hyderabad,Division 9 (Kukatpally),Hasmathpet,"{""latitude"": ""17.473315"", ""longitude"": ""78.488963""}",/images/before.png,/images/after.png,2025-07-20 15:02:40.525037+00:00,17,toxic,"{""CO"": 3.08, ""CH4"": 28.82, ""H2S"": 14.56}",7,high
90,MH-0013,sb_001,sb_001,Hyderabad,Division 9 (Kukatpally),Hasmathpet,"{""latitude"": ""17.473315"", ""longitude"": ""78.488963""}",/images/before.png,/images/after.png,2025-07-20 14:45:40.525037+00:00,15,toxic,"{""CO"": 1.76, ""CH4"": 46.31, ""H2S"": 6.61}",9,high
91,MH-0013,sb_004,sb_004,Hyderabad,Division 9 (Kukatpally),Hasmathpet,"{""latitude"": ""17.473315"", ""longitude"": ""78.488963""}",/images/before.png,/images/after.png,2025-07-20 14:28:40.525037+00:00,28,alert,"{""CO"": 2.57, ""CH4"": 74.69, ""H2S"": 0.46}",3,medium
92,MH-0013,sb_004,sb_004,Hyderabad,Division 9 (Kukatpally),Hasmathpet,"{""latitude"": ""17.473315"", ""longitude"": ""78.488963""}",/images/before.png,/images/after.png,2025-07-20 14:06:40.525037+00:00,26,safe,"{""CO"": 0.34, ""CH4"": 4.88, ""H2S"": 6.35}",3,low
93,MH-0013,sb_005,sb_005,Hyderabad,Division 9 (Kukatpally),Hasmathpet,"{""latitude"": ""17.473315"", ""longitude"": ""78.488963""}",/images/before.png,/images/after.png,2025-07-20 13:41:40.525037+00:00,21,toxic,"{""CO"": 0.72, ""CH4"": 48.11, ""H2S"": 12.94}",2,high
94,MH-0013,sb_005,sb_005,Hyderabad,Division 9 (Kukatpally),Hasmathpet,"{""latitude"": ""17.473315"", ""longitude"": ""78.488963""}",/images/before.png,/images/after.png,2025-07-20 13:12:40.525037+00:00,18,toxic,"{""CO"": 0.3, ""CH4"": 73.45, ""H2S"": 13.33}",9,high
95,MH-0013,sb_009,sb_009,Hyderabad,Division 9 (Kukatpally),Hasmathpet,"{""latitude"": ""17.473315"", ""longitude"": ""78.488963""}",/images/before.png,/images/after.png,2025-07-20 12:48:40.525037+00:00,21,alert,"{""CO"": 0.72, ""CH4"": 48.11, ""H2S"": 12.94}",6,medium
96,MH-0014,sb_006,sb_006,Hyderabad,Division 9 (Kukatpally),Hasmathpet,"{""latitude"": ""17.472766"", ""longitude"": ""78.487165""}",/images/before.png,/images/after.png,2025-07-30 16:09:40.525037+00:00,25,alert,"{""CO"": 0.63, ""CH4"": 62.29, ""H2S"": 6.65}",4,medium
97,MH-0014,sb_006,sb_006,Hyderabad,Division 9 (Kukatpally),Hasmathpet,"{""latitude"": ""17.472766"", ""longitude"": ""78.487165""}",/images/before.png,/images/after.png,2025-07-30 15:49:40.525037+00:00,23,alert,"{""CO"": 4.4, ""CH4"": 28.4, ""H2S"": 19.39}",8,medium
98,MH-0014,sb_001,sb_001,Hyderabad,Division 9 (Kukatpally),Hasmathpet,"{""latitude"": ""17.472766"", ""longitude"": ""78.487165""}",/images/before.png,/images/after.png,2025-07-30 15:23:40.525037+00:00,29,toxic,"{""CO"": 0.72, ""CH4"": 48.11, ""H2S"": 12.94}",8,high
99,MH-0014,sb_006,sb_006,Hyderabad,Division 9 (Kukatpally),Hasmathpet,"{""latitude"": ""17.472766"", ""longitude"": ""78.487165""}",/images/before.png,/images/after.png,2025-07-30 15:03:40.525037+00:00,15,alert,"{""CO"": 0.71, ""CH4"": 24.2, ""H2S"": 3.43}",9,medium
100,MH-0014,sb_004,sb_004,Hyderabad,Division 9 (Kukatpally),Hasmathpet,"{""latitude"": ""17.472766"", ""longitude"": ""78.487165""}",/images/before.png,/images/after.png,2025-07-30 14:41:40.525037+00:00,18,safe,"{""CO"": 0.14, ""CH4"": 39.69, ""H2S"": 4.69}",7,low
101,MH-0014,sb_002,sb_002,Hyderabad,Division 9 (Kukatpally),Hasmathpet,"{""latitude"": ""17.472766"", ""longitude"": ""78.487165""}",/images/before.png,/images/after.png,2025-07-30 14:11:40.525037+00:00,28,safe,"{""CO"": 2.92, ""CH4"": 75.62, ""H2S"": 3.62}",7,low
102,MH-0014,sb_002,sb_002,Hyderabad,Division 9 (Kukatpally),Hasmathpet,"{""latitude"": ""17.472766"", ""longitude"": ""78.487165""}",/images/before.png,/images/after.png,2025-07-30 13:56:40.525037+00:00,22,toxic,"{""CO"": 0.72, ""CH4"": 48.11, ""H2S"": 12.94}",6,high
103,MH-0014,sb_008,sb_008,Hyderabad,Division 9 (Kukatpally),Hasmathpet,"{""latitude"": ""17.472766"", ""longitude"": ""78.487165""}",/images/before.png,/images/after.png,2025-07-30 13:41:40.525037+00:00,17,alert,"{""CO"": 0.72, ""CH4"": 48.11, ""H2S"": 12.94}",3,medium
104,MH-0014,sb_006,sb_006,Hyderabad,Division 9 (Kukatpally),Hasmathpet,"{""latitude"": ""17.472766"", ""longitude"": ""78.487165""}",/images/before.png,/images/after.png,2025-07-30 13:25:40.525037+00:00,19,alert,"{""CO"": 1.01, ""CH4"": 46.46, ""H2S"": 8.52}",10,medium
105,MH-0015,sb_005,sb_005,Hyderabad,Division 9 (Kukatpally),Hasmathpet,"{""latitude"": ""17.473809"", ""longitude"": ""78.491323""}",/images/before.png,/images/after.png,2025-07-12 16:02:40.525037+00:00,29,alert,"{""CO"": 0.72, ""CH4"": 48.11, ""H2S"": 12.94}",9,medium
106,MH-0015,sb_010,sb_010,Hyderabad,Division 9 (Kukatpally),Hasmathpet,"{""latitude"": ""17.473809"", ""longitude"": ""78.491323""}",/images/before.png,/images/after.png,2025-07-12 15:36:40.525037+00:00,19,toxic,"{""CO"": 1.53, ""CH4"": 77.86, ""H2S"": 7.94}",9,high
107,MH-0015,sb_005,sb_005,Hyderabad,Division 9 (Kukatpally),Hasmathpet,"{""latitude"": ""17.473809"", ""longitude"": ""78.491323""}",/images/before.png,/images/after.png,2025-07-12 15:21:40.525037+00:00,22,safe,"{""CO"": 0.95, ""CH4"": 99.2, ""H2S"": 18.77}",6,low
108,MH-0015,sb_006,sb_006,Hyderabad,Division 9 (Kukatpally),Hasmathpet,"{""latitude"": ""17.473809"", ""longitude"": ""78.491323""}",/images/before.png,/images/after.png,2025-07-12 15:04:40.525037+00:00,19,alert,"{""CO"": 0.95, ""CH4"": 99.2, ""H2S"": 18.77}",4,medium
109,MH-0016,sb_004,sb_004,Hyderabad,Division 9 (Kukatpally),Hasmathpet,"{""latitude"": ""17.476185"", ""longitude"": ""78.486885""}",/images/before.png,/images/after.png,2025-07-30 16:15:40.525037+00:00,23,toxic,"{""CO"": 0.95, ""CH4"": 99.2, ""H2S"": 18.77}",6,high
110,MH-0016,sb_004,sb_004,Hyderabad,Division 9 (Kukatpally),Hasmathpet,"{""latitude"": ""17.476185"", ""longitude"": ""78.486885""}",/images/before.png,/images/after.png,2025-07-30 15:47:40.525037+00:00,25,toxic,"{""CO"": 0.49, ""CH4"": 66.1, ""H2S"": 5.06}",4,high
111,MH-0016,sb_002,sb_002,Hyderabad,Division 9 (Kukatpally),Hasmathpet,"{""latitude"": ""17.476185"", ""longitude"": ""78.486885""}",/images/before.png,/images/after.png,2025-07-30 15:19:40.525037+00:00,28,alert,"{""CO"": 3.28, ""CH4"": 50.79, ""H2S"": 14.93}",9,medium
112,MH-0017,sb_004,sb_004,Hyderabad,Division 9 (Kukatpally),Hasmathpet,"{""latitude"": ""17.473477"", ""longitude"": ""78.494346""}",/images/before.png,/images/after.png,2025-07-31 16:06:40.525037+00:00,16,safe,"{""CO"": 3.23, ""CH4"": 59.31, ""H2S"": 1.28}",2,low
113,MH-0017,sb_010,sb_010,Hyderabad,Division 9 (Kukatpally),Hasmathpet,"{""latitude"": ""17.473477"", ""longitude"": ""78.494346""}",/images/before.png,/images/after.png,2025-07-31 15:50:40.525037+00:00,28,toxic,"{""CO"": 3.28, ""CH4"": 50.79, ""H2S"": 14.93}",3,high
114,MH-0017,sb_008,sb_008,Hyderabad,Division 9 (Kukatpally),Hasmathpet,"{""latitude"": ""17.473477"", ""longitude"": ""78.494346""}",/images/before.png,/images/after.png,2025-07-31 15:32:40.525037+00:00,15,toxic,"{""CO"": 0.96, ""CH4"": 82.61, ""H2S"": 12.67}",9,high
115,MH-0017,sb_002,sb_002,Hyderabad,Division 9 (Kukatpally),Hasmathpet,"{""latitude"": ""17.473477"", ""longitude"": ""78.494346""}",/images/before.png,/images/after.png,2025-07-31 15:17:40.525037+00:00,25,safe,"{""CO"": 3.87, ""CH4"": 81.72, ""H2S"": 2.2}",7,low
116,MH-0017,sb_004,sb_004,Hyderabad,Division 9 (Kukatpally),Hasmathpet,"{""latitude"": ""17.473477"", ""longitude"": ""78.494346""}",/images/before.png,/images/after.png,2025-07-31 14:56:40.525037+00:00,26,safe,"{""CO"": 3.29, ""CH4"": 91.22, ""H2S"": 8.49}",3,low
117,MH-0017,sb_001,sb_001,Hyderabad,Division 9 (Kukatpally),Hasmathpet,"{""latitude"": ""17.473477"", ""longitude"": ""78.494346""}",/images/before.png,/images/after.png,2025-07-31 14:39:40.525037+00:00,18,safe,"{""CO"": 4.65, ""CH4"": 60.08, ""H2S"": 18.37}",10,low
118,MH-0017,sb_007,sb_007,Hyderabad,Division 9 (Kukatpally),Hasmathpet,"{""latitude"": ""17.473477"", ""longitude"": ""78.494346""}",/images/before.png,/images/after.png,2025-07-31 14:11:40.525037+00:00,24,safe,"{""CO"": 2.87, ""CH4"": 87.69, ""H2S"": 18.42}",5,low
119,MH-0018,sb_006,sb_006,Hyderabad,Division 9 (Kukatpally),Hasmathpet,"{""latitude"": ""17.472474"", ""longitude"": ""78.490275""}",/images/before.png,/images/after.png,2025-07-01 16:14:40.525037+00:00,27,toxic,"{""CO"": 3.94, ""CH4"": 79.27, ""H2S"": 5.12}",2,high
120,MH-0018,sb_002,sb_002,Hyderabad,Division 9 (Kukatpally),Hasmathpet,"{""latitude"": ""17.472474"", ""longitude"": ""78.490275""}",/images/before.png,/images/after.png,2025-07-01 15:46:40.525037+00:00,22,toxic,"{""CO"": 3.94, ""CH4"": 79.27, ""H2S"": 5.12}",3,high
121,MH-0018,sb_009,sb_009,Hyderabad,Division 9 (Kukatpally),Hasmathpet,"{""latitude"": ""17.472474"", ""longitude"": ""78.490275""}",/images/before.png,/images/after.png,2025-07-01 15:31:40.525037+00:00,17,safe,"{""CO"": 3.13, ""CH4"": 70.31, ""H2S"": 14.26}",5,low
122,MH-0018,sb_010,sb_010,Hyderabad,Division 9 (Kukatpally),Hasmathpet,"{""latitude"": ""17.472474"", ""longitude"": ""78.490275""}",/images/before.png,/images/after.png,2025-07-01 15:11:40.525037+00:00,24,alert,"{""CO"": 3.59, ""CH4"": 23.54, ""H2S"": 16.32}",7,medium
123,MH-0018,sb_005,sb_005,Hyderabad,Division 9 (Kukatpally),Hasmathpet,"{""latitude"": ""17.472474"", ""longitude"": ""78.490275""}",/images/before.png,/images/after.png,2025-07-01 14:55:40.525037+00:00,16,toxic,"{""CO"": 4.23, ""CH4"": 5.39, ""H2S"": 11.61}",9,high
124,MH-0018,sb_010,sb_010,Hyderabad,Division 9 (Kukatpally),Hasmathpet,"{""latitude"": ""17.472474"", ""longitude"": ""78.490275""}",/images/before.png,/images/after.png,2025-07-01 14:40:40.525037+00:00,25,toxic,"{""CO"": 4.23, ""CH4"": 5.39, ""H2S"": 11.61}",3,high
125,MH-0019,sb_002,sb_002,Hyderabad,Division 9 (Kukatpally),Hasmathpet,"{""latitude"": ""17.471926"", ""longitude"": ""78.486914""}",/images/before.png,/images/after.png,2025-07-20 16:03:40.525037+00:00,30,safe,"{""CO"": 4.23, ""CH4"": 5.39, ""H2S"": 11.61}",3,low
126,MH-0019,sb_010,sb_010,Hyderabad,Division 9 (Kukatpally),Hasmathpet,"{""latitude"": ""17.471926"", ""longitude"": ""78.486914""}",/images/before.png,/images/after.png,2025-07-20 15:36:40.525037+00:00,23,toxic,"{""CO"": 3.53, ""CH4"": 25.47, ""H2S"": 9.76}",6,high
127,MH-0019,sb_003,sb_003,Hyderabad,Division 9 (Kukatpally),Hasmathpet,"{""latitude"": ""17.471926"", ""longitude"": ""78.486914""}",/images/before.png,/images/after.png,2025-07-20 15:08:40.525037+00:00,23,safe,"{""CO"": 2.34, ""CH4"": 22.69, ""H2S"": 7.36}",6,low
128,MH-0019,sb_009,sb_009,Hyderabad,Division 9 (Kukatpally),Hasmathpet,"{""latitude"": ""17.471926"", ""longitude"": ""78.486914""}",/images/before.png,/images/after.png,2025-07-20 14:48:40.525037+00:00,24,alert,"{""CO"": 1.32, ""CH4"": 41.45, ""H2S"": 11.72}",7,medium
129,MH-0019,sb_003,sb_003,Hyderabad,Division 9 (Kukatpally),Hasmathpet,"{""latitude"": ""17.471926"", ""longitude"": ""78.486914""}",/images/before.png,/images/after.png,2025-07-20 14:27:40.525037+00:00,16,alert,"{""CO"": 2.34, ""CH4"": 22.69, ""H2S"": 7.36}",10,medium
130,MH-0019,sb_010,sb_010,Hyderabad,Division 9 (Kukatpally),Hasmathpet,"{""latitude"": ""17.471926"", ""longitude"": ""78.486914""}",/images/before.png,/images/after.png,2025-07-20 14:10:40.525037+00:00,28,alert,"{""CO"": 1.32, ""CH4"": 41.45, ""H2S"": 11.72}",3,medium
131,MH-0020,sb_009,sb_009,Hyderabad,Division 9 (Kukatpally),Hasmathpet,"{""latitude"": ""17.475539"", ""longitude"": ""78.489505""}",/images/before.png,/images/after.png,2025-07-20 16:10:40.525037+00:00,27,alert,"{""CO"": 2.53, ""CH4"": 53.64, ""H2S"": 4.06}",8,medium
132,MH-0020,sb_002,sb_002,Hyderabad,Division 9 (Kukatpally),Hasmathpet,"{""latitude"": ""17.475539"", ""longitude"": ""78.489505""}",/images/before.png,/images/after.png,2025-07-20 15:43:40.525037+00:00,20,safe,"{""CO"": 2.53, ""CH4"": 53.64, ""H2S"": 4.06}",7,low
133,MH-0020,sb_008,sb_008,Hyderabad,Division 9 (Kukatpally),Hasmathpet,"{""latitude"": ""17.475539"", ""longitude"": ""78.489505""}",/images/before.png,/images/after.png,2025-07-20 15:25:40.525037+00:00,26,alert,"{""CO"": 3.8, ""CH4"": 96.64, ""H2S"": 13.69}",3,medium
134,MH-0020,sb_002,sb_002,Hyderabad,Division 9 (Kukatpally),Hasmathpet,"{""latitude"": ""17.475539"", ""longitude"": ""78.489505""}",/images/before.png,/images/after.png,2025-07-20 15:01:40.525037+00:00,15,alert,"{""CO"": 2.53, ""CH4"": 53.64, ""H2S"": 4.06}",7,medium
135,MH-0020,sb_009,sb_009,Hyderabad,Division 9 (Kukatpally),Hasmathpet,"{""latitude"": ""17.475539"", ""longitude"": ""78.489505""}",/images/before.png,/images/after.png,2025-07-20 14:44:40.525037+00:00,29,alert,"{""CO"": 0.88, ""CH4"": 11.75, ""H2S"": 4.15}",10,medium
136,MH-0020,sb_007,sb_007,Hyderabad,Division 9 (Kukatpally),Hasmathpet,"{""latitude"": ""17.475539"", ""longitude"": ""78.489505""}",/images/before.png,/images/after.png,2025-07-20 14:18:40.525037+00:00,16,safe,"{""CO"": 4.38, ""CH4"": 18.74, ""H2S"": 11.32}",3,low
137,MH-0021,sb_006,sb_006,Hyderabad,Division 9 (Kukatpally),Hasmathpet,"{""latitude"": ""17.474582"", ""longitude"": ""78.492712""}",/images/before.png,/images/after.png,2025-07-27 16:07:40.525037+00:00,21,alert,"{""CO"": 1.82, ""CH4"": 81.35, ""H2S"": 5.78}",10,medium
138,MH-0021,sb_007,sb_007,Hyderabad,Division 9 (Kukatpally),Hasmathpet,"{""latitude"": ""17.474582"", ""longitude"": ""78.492712""}",/images/before.png,/images/after.png,2025-07-27 15:48:40.525037+00:00,26,toxic,"{""CO"": 1.45, ""CH4"": 47.3, ""H2S"": 6.49}",2,high
139,MH-0021,sb_001,sb_001,Hyderabad,Division 9 (Kukatpally),Hasmathpet,"{""latitude"": ""17.474582"", ""longitude"": ""78.492712""}",/images/before.png,/images/after.png,2025-07-27 15:28:40.525037+00:00,22,safe,"{""CO"": 1.82, ""CH4"": 81.35, ""H2S"": 5.78}",7,low
140,MH-0022,sb_006,sb_006,Hyderabad,Division 9 (Kukatpally),Hasmathpet,"{""latitude"": ""17.47454"", ""longitude"": ""78.487203""}",/images/before.png,/images/after.png,2025-07-10 16:14:40.525037+00:00,15,safe,"{""CO"": 0.21, ""CH4"": 40.12, ""H2S"": 19.52}",10,low
141,MH-0022,sb_005,sb_005,Hyderabad,Division 9 (Kukatpally),Hasmathpet,"{""latitude"": ""17.47454"", ""longitude"": ""78.487203""}",/images/before.png,/images/after.png,2025-07-10 15:58:40.525037+00:00,17,safe,"{""CO"": 3.47, ""CH4"": 27.54, ""H2S"": 10.39}",2,low
142,MH-0022,sb_009,sb_009,Hyderabad,Division 9 (Kukatpally),Hasmathpet,"{""latitude"": ""17.47454"", ""longitude"": ""78.487203""}",/images/before.png,/images/after.png,2025-07-10 15:31:40.525037+00:00,16,safe,"{""CO"": 2.8, ""CH4"": 69.1, ""H2S"": 6.36}",10,low
143,MH-0022,sb_009,sb_009,Hyderabad,Division 9 (Kukatpally),Hasmathpet,"{""latitude"": ""17.47454"", ""longitude"": ""78.487203""}",/images/before.png,/images/after.png,2025-07-10 15:01:40.525037+00:00,26,toxic,"{""CO"": 2.92, ""CH4"": 31.99, ""H2S"": 17.9}",7,high
144,MH-0022,sb_003,sb_003,Hyderabad,Division 9 (Kukatpally),Hasmathpet,"{""latitude"": ""17.47454"", ""longitude"": ""78.487203""}",/images/before.png,/images/after.png,2025-07-10 14:35:40.525037+00:00,16,safe,"{""CO"": 0.62, ""CH4"": 13.31, ""H2S"": 1.97}",7,low
145,MH-0022,sb_010,sb_010,Hyderabad,Division 9 (Kukatpally),Hasmathpet,"{""latitude"": ""17.47454"", ""longitude"": ""78.487203""}",/images/before.png,/images/after.png,2025-07-10 14:16:40.525037+00:00,24,alert,"{""CO"": 3.86, ""CH4"": 23.25, ""H2S"": 9.4}",4,medium
146,MH-0022,sb_002,sb_002,Hyderabad,Division 9 (Kukatpally),Hasmathpet,"{""latitude"": ""17.47454"", ""longitude"": ""78.487203""}",/images/before.png,/images/after.png,2025-07-10 13:52:40.525037+00:00,26,toxic,"{""CO"": 3.94, ""CH4"": 20.41, ""H2S"": 8.0}",2,high
147,MH-0022,sb_001,sb_001,Hyderabad,Division 9 (Kukatpally),Hasmathpet,"{""latitude"": ""17.47454"", ""longitude"": ""78.487203""}",/images/before.png,/images/after.png,2025-07-10 13:36:40.525037+00:00,29,safe,"{""CO"": 0.07, ""CH4"": 86.71, ""H2S"": 8.01}",5,low
148,MH-0023,sb_001,sb_001,Hyderabad,Division 9 (Kukatpally),Hasmathpet,"{""latitude"": ""17.473632"", ""longitude"": ""78.49286""}",/images/before.png,/images/after.png,2025-07-01 16:01:40.525037+00:00,30,alert,"{""CO"": 3.94, ""CH4"": 20.41, ""H2S"": 8.0}",8,medium
149,MH-0023,sb_004,sb_004,Hyderabad,Division 9 (Kukatpally),Hasmathpet,"{""latitude"": ""17.473632"", ""longitude"": ""78.49286""}",/images/before.png,/images/after.png,2025-07-01 15:41:40.525037+00:00,28,safe,"{""CO"": 1.52, ""CH4"": 21.51, ""H2S"": 4.19}",3,low
150,MH-0023,sb_002,sb_002,Hyderabad,Division 9 (Kukatpally),Hasmathpet,"{""latitude"": ""17.473632"", ""longitude"": ""78.49286""}",/images/before.png,/images/after.png,2025-07-01 15:18:40.525037+00:00,25,alert,"{""CO"": 2.64, ""CH4"": 26.04, ""H2S"": 1.88}",5,medium
151,MH-0023,sb_002,sb_002,Hyderabad,Division 9 (Kukatpally),Hasmathpet,"{""latitude"": ""17.473632"", ""longitude"": ""78.49286""}",/images/before.png,/images/after.png,2025-07-01 14:50:40.525037+00:00,15,toxic,"{""CO"": 2.84, ""CH4"": 32.86, ""H2S"": 14.85}",10,high
152,MH-0024,sb_001,sb_001,Hyderabad,Division 9 (Kukatpally),Hasmathpet,"{""latitude"": ""17.472861"", ""longitude"": ""78.495653""}",/images/before.png,/images/after.png,2025-07-27 16:10:40.525037+00:00,29,alert,"{""CO"": 2.52, ""CH4"": 36.4, ""H2S"": 0.52}",8,medium
153,MH-0024,sb_008,sb_008,Hyderabad,Division 9 (Kukatpally),Hasmathpet,"{""latitude"": ""17.472861"", ""longitude"": ""78.495653""}",/images/before.png,/images/after.png,2025-07-27 15:52:40.525037+00:00,28,toxic,"{""CO"": 3.5, ""CH4"": 78.05, ""H2S"": 2.18}",8,high
154,MH-0024,sb_009,sb_009,Hyderabad,Division 9 (Kukatpally),Hasmathpet,"{""latitude"": ""17.472861"", ""longitude"": ""78.495653""}",/images/before.png,/images/after.png,2025-07-27 15:37:40.525037+00:00,20,safe,"{""CO"": 2.84, ""CH4"": 32.86, ""H2S"": 14.85}",2,low
155,MH-0024,sb_008,sb_008,Hyderabad,Division 9 (Kukatpally),Hasmathpet,"{""latitude"": ""17.472861"", ""longitude"": ""78.495653""}",/images/before.png,/images/after.png,2025-07-27 15:11:40.525037+00:00,29,toxic,"{""CO"": 3.58, ""CH4"": 19.98, ""H2S"": 19.87}",4,high
156,MH-0024,sb_006,sb_006,Hyderabad,Division 9 (Kukatpally),Hasmathpet,"{""latitude"": ""17.472861"", ""longitude"": ""78.495653""}",/images/before.png,/images/after.png,2025-07-27 14:48:40.525037+00:00,21,toxic,"{""CO"": 0.77, ""CH4"": 21.12, ""H2S"": 0.17}",6,high
157,MH-0024,sb_009,sb_009,Hyderabad,Division 9 (Kukatpally),Hasmathpet,"{""latitude"": ""17.472861"", ""longitude"": ""78.495653""}",/images/before.png,/images/after.png,2025-07-27 14:27:40.525037+00:00,22,alert,"{""CO"": 1.5, ""CH4"": 87.01, ""H2S"": 15.11}",3,medium
158,MH-0024,sb_009,sb_009,Hyderabad,Division 9 (Kukatpally),Hasmathpet,"{""latitude"": ""17.472861"", ""longitude"": ""78.495653""}",/images/before.png,/images/after.png,2025-07-27 14:04:40.525037+00:00,24,safe,"{""CO"": 4.74, ""CH4"": 47.69, ""H2S"": 1.1}",10,low
159,MH-0024,sb_008,sb_008,Hyderabad,Division 9 (Kukatpally),Hasmathpet,"{""latitude"": ""17.472861"", ""longitude"": ""78.495653""}",/images/before.png,/images/after.png,2025-07-27 13:45:40.525037+00:00,19,safe,"{""CO"": 0.77, ""CH4"": 21.12, ""H2S"": 0.17}",6,low
160,MH-0024,sb_006,sb_006,Hyderabad,Division 9 (Kukatpally),Hasmathpet,"{""latitude"": ""17.472861"", ""longitude"": ""78.495653""}",/images/before.png,/images/after.png,2025-07-27 13:28:40.525037+00:00,15,safe,"{""CO"": 0.77, ""CH4"": 21.12, ""H2S"": 0.17}",5,low
161,MH-0025,sb_001,sb_001,Hyderabad,Division 9 (Kukatpally),Hasmathpet,"{""latitude"": ""17.47463"", ""longitude"": ""78.48788""}",/images/before.png,/images/after.png,2025-07-12 16:14:40.525037+00:00,29,safe,"{""CO"": 4.92, ""CH4"": 63.51, ""H2S"": 19.33}",8,low
162,MH-0025,sb_005,sb_005,Hyderabad,Division 9 (Kukatpally),Hasmathpet,"{""latitude"": ""17.47463"", ""longitude"": ""78.48788""}",/images/before.png,/images/after.png,2025-07-12 15:47:40.525037+00:00,19,safe,"{""CO"": 4.92, ""CH4"": 63.51, ""H2S"": 19.33}",3,low
163,MH-0025,sb_005,sb_005,Hyderabad,Division 9 (Kukatpally),Hasmathpet,"{""latitude"": ""17.47463"", ""longitude"": ""78.48788""}",/images/before.png,/images/after.png,2025-07-12 15:17:40.525037+00:00,24,toxic,"{""CO"": 1.79, ""CH4"": 10.5, ""H2S"": 7.14}",9,high
164,MH-0025,sb_003,sb_003,Hyderabad,Division 9 (Kukatpally),Hasmathpet,"{""latitude"": ""17.47463"", ""longitude"": ""78.48788""}",/images/before.png,/images/after.png,2025-07-12 14:53:40.525037+00:00,23,safe,"{""CO"": 4.16, ""CH4"": 81.44, ""H2S"": 4.69}",10,low
165,MH-0025,sb_003,sb_003,Hyderabad,Division 9 (Kukatpally),Hasmathpet,"{""latitude"": ""17.47463"", ""longitude"": ""78.48788""}",/images/before.png,/images/after.png,2025-07-12 14:32:40.525037+00:00,27,toxic,"{""CO"": 1.85, ""CH4"": 23.19, ""H2S"": 2.5}",6,high
166,MH-0025,sb_004,sb_004,Hyderabad,Division 9 (Kukatpally),Hasmathpet,"{""latitude"": ""17.47463"", ""longitude"": ""78.48788""}",/images/before.png,/images/after.png,2025-07-12 14:07:40.525037+00:00,23,toxic,"{""CO"": 1.79, ""CH4"": 10.5, ""H2S"": 7.14}",4,high
167,MH-0025,sb_010,sb_010,Hyderabad,Division 9 (Kukatpally),Hasmathpet,"{""latitude"": ""17.47463"", ""longitude"": ""78.48788""}",/images/before.png,/images/after.png,2025-07-12 13:40:40.525037+00:00,27,toxic,"{""CO"": 2.17, ""CH4"": 26.34, ""H2S"": 11.64}",8,high
168,MH-0026,sb_006,sb_006,Hyderabad,Division 9 (Kukatpally),Hasmathpet,"{""latitude"": ""17.473351"", ""longitude"": ""78.493082""}",/images/before.png,/images/after.png,2025-07-12 16:06:40.525037+00:00,30,alert,"{""CO"": 4.16, ""CH4"": 81.44, ""H2S"": 4.69}",9,medium
169,MH-0026,sb_003,sb_003,Hyderabad,Division 9 (Kukatpally),Hasmathpet,"{""latitude"": ""17.473351"", ""longitude"": ""78.493082""}",/images/before.png,/images/after.png,2025-07-12 15:38:40.525037+00:00,28,toxic,"{""CO"": 2.38, ""CH4"": 19.71, ""H2S"": 3.54}",10,high
170,MH-0026,sb_007,sb_007,Hyderabad,Division 9 (Kukatpally),Hasmathpet,"{""latitude"": ""17.473351"", ""longitude"": ""78.493082""}",/images/before.png,/images/after.png,2025-07-12 15:12:40.525037+00:00,28,safe,"{""CO"": 4.45, ""CH4"": 92.13, ""H2S"": 19.12}",10,low
171,MH-0027,sb_005,sb_005,Hyderabad,Division 9 (Kukatpally),Hasmathpet,"{""latitude"": ""17.472882"", ""longitude"": ""78.490321""}",/images/before.png,/images/after.png,2025-07-09 16:01:40.525037+00:00,19,safe,"{""CO"": 1.85, ""CH4"": 23.19, ""H2S"": 2.5}",8,low
172,MH-0027,sb_002,sb_002,Hyderabad,Division 9 (Kukatpally),Hasmathpet,"{""latitude"": ""17.472882"", ""longitude"": ""78.490321""}",/images/before.png,/images/after.png,2025-07-09 15:40:40.525037+00:00,27,alert,"{""CO"": 0.75, ""CH4"": 64.68, ""H2S"": 18.84}",3,medium
173,MH-0027,sb_009,sb_009,Hyderabad,Division 9 (Kukatpally),Hasmathpet,"{""latitude"": ""17.472882"", ""longitude"": ""78.490321""}",/images/before.png,/images/after.png,2025-07-09 15:14:40.525037+00:00,19,alert,"{""CO"": 4.41, ""CH4"": 1.51, ""H2S"": 0.63}",9,medium
174,MH-0027,sb_007,sb_007,Hyderabad,Division 9 (Kukatpally),Hasmathpet,"{""latitude"": ""17.472882"", ""longitude"": ""78.490321""}",/images/before.png,/images/after.png,2025-07-09 14:49:40.525037+00:00,21,toxic,"{""CO"": 2.17, ""CH4"": 26.34, ""H2S"": 11.64}",5,high
175,MH-0027,sb_004,sb_004,Hyderabad,Division 9 (Kukatpally),Hasmathpet,"{""latitude"": ""17.472882"", ""longitude"": ""78.490321""}",/images/before.png,/images/after.png,2025-07-09 14:20:40.525037+00:00,25,safe,"{""CO"": 3.34, ""CH4"": 30.59, ""H2S"": 15.92}",5,low
176,MH-0027,sb_002,sb_002,Hyderabad,Division 9 (Kukatpally),Hasmathpet,"{""latitude"": ""17.472882"", ""longitude"": ""78.490321""}",/images/before.png,/images/after.png,2025-07-09 13:54:40.525037+00:00,19,alert,"{""CO"": 2.68, ""CH4"": 35.39, ""H2S"": 17.27}",6,medium
177,MH-0027,sb_004,sb_004,Hyderabad,Division 9 (Kukatpally),Hasmathpet,"{""latitude"": ""17.472882"", ""longitude"": ""78.490321""}",/images/before.png,/images/after.png,2025-07-09 13:33:40.525037+00:00,26,toxic,"{""CO"": 2.38, ""CH4"": 19.71, ""H2S"": 3.54}",5,high
178,MH-0027,sb_008,sb_008,Hyderabad,Division 9 (Kukatpally),Hasmathpet,"{""latitude"": ""17.472882"", ""longitude"": ""78.490321""}",/images/before.png,/images/after.png,2025-07-09 13:08:40.525037+00:00,28,safe,"{""CO"": 4.45, ""CH4"": 92.13, ""H2S"": 19.12}",4,low
179,MH-0027,sb_006,sb_006,Hyderabad,Division 9 (Kukatpally),Hasmathpet,"{""latitude"": ""17.472882"", ""longitude"": ""78.490321""}",/images/before.png,/images/after.png,2025-07-09 12:52:40.525037+00:00,15,toxic,"{""CO"": 4.45, ""CH4"": 92.13, ""H2S"": 19.12}",7,high
180,MH-0027,sb_005,sb_005,Hyderabad,Division 9 (Kukatpally),Hasmathpet,"{""latitude"": ""17.472882"", ""longitude"": ""78.490321""}",/images/before.png,/images/after.png,2025-07-09 12:34:40.525037+00:00,29,toxic,"{""CO"": 0.21, ""CH4"": 25.22, ""H2S"": 12.25}",8,high
181,MH-0028,sb_006,sb_006,Hyderabad,Division 9 (Kukatpally),Hasmathpet,"{""latitude"": ""17.47299"", ""longitude"": ""78.495746""}",/images/before.png,/images/after.png,2025-07-09 16:05:40.525037+00:00,20,safe,"{""CO"": 0.75, ""CH4"": 64.68, ""H2S"": 18.84}",8,low
182,MH-0028,sb_006,sb_006,Hyderabad,Division 9 (Kukatpally),Hasmathpet,"{""latitude"": ""17.47299"", ""longitude"": ""78.495746""}",/images/before.png,/images/after.png,2025-07-09 15:49:40.525037+00:00,27,safe,"{""CO"": 3.34, ""CH4"": 30.59, ""H2S"": 15.92}",4,low
183,MH-0028,sb_001,sb_001,Hyderabad,Division 9 (Kukatpally),Hasmathpet,"{""latitude"": ""17.47299"", ""longitude"": ""78.495746""}",/images/before.png,/images/after.png,2025-07-09 15:19:40.525037+00:00,20,toxic,"{""CO"": 3.15, ""CH4"": 67.44, ""H2S"": 4.59}",4,high
184,MH-0028,sb_006,sb_006,Hyderabad,Division 9 (Kukatpally),Hasmathpet,"{""latitude"": ""17.47299"", ""longitude"": ""78.495746""}",/images/before.png,/images/after.png,2025-07-09 14:57:40.525037+00:00,23,alert,"{""CO"": 2.68, ""CH4"": 35.39, ""H2S"": 17.27}",5,medium
185,MH-0028,sb_003,sb_003,Hyderabad,Division 9 (Kukatpally),Hasmathpet,"{""latitude"": ""17.47299"", ""longitude"": ""78.495746""}",/images/before.png,/images/after.png,2025-07-09 14:27:40.525037+00:00,22,toxic,"{""CO"": 4.91, ""CH4"": 47.54, ""H2S"": 9.86}",3,high
186,MH-0028,sb_008,sb_008,Hyderabad,Division 9 (Kukatpally),Hasmathpet,"{""latitude"": ""17.47299"", ""longitude"": ""78.495746""}",/images/before.png,/images/after.png,2025-07-09 14:08:40.525037+00:00,29,toxic,"{""CO"": 0.66, ""CH4"": 59.68, ""H2S"": 19.87}",9,high
187,MH-0028,sb_001,sb_001,Hyderabad,Division 9 (Kukatpally),Hasmathpet,"{""latitude"": ""17.47299"", ""longitude"": ""78.495746""}",/images/before.png,/images/after.png,2025-07-09 13:43:40.525037+00:00,20,alert,"{""CO"": 4.06, ""CH4"": 36.18, ""H2S"": 3.51}",3,medium
188,MH-0028,sb_005,sb_005,Hyderabad,Division 9 (Kukatpally),Hasmathpet,"{""latitude"": ""17.47299"", ""longitude"": ""78.495746""}",/images/before.png,/images/after.png,2025-07-09 13:28:40.525037+00:00,18,toxic,"{""CO"": 0.66, ""CH4"": 59.68, ""H2S"": 19.87}",3,high
189,MH-0028,sb_002,sb_002,Hyderabad,Division 9 (Kukatpally),Hasmathpet,"{""latitude"": ""17.47299"", ""longitude"": ""78.495746""}",/images/before.png,/images/after.png,2025-07-09 13:13:40.525037+00:00,19,alert,"{""CO"": 4.91, ""CH4"": 47.54, ""H2S"": 9.86}",6,medium
190,MH-0028,sb_006,sb_006,Hyderabad,Division 9 (Kukatpally),Hasmathpet,"{""latitude"": ""17.47299"", ""longitude"": ""78.495746""}",/images/before.png,/images/after.png,2025-07-09 12:50:40.525037+00:00,20,toxic,"{""CO"": 1.03, ""CH4"": 56.71, ""H2S"": 10.77}",2,high
191,MH-0029,sb_006,sb_006,Hyderabad,Division 9 (Kukatpally),Hasmathpet,"{""latitude"": ""17.473066"", ""longitude"": ""78.485909""}",/images/before.png,/images/after.png,2025-07-09 16:03:40.540667+00:00,21,toxic,"{""CO"": 2.39, ""CH4"": 83.98, ""H2S"": 11.66}",7,high
192,MH-0029,sb_002,sb_002,Hyderabad,Division 9 (Kukatpally),Hasmathpet,"{""latitude"": ""17.473066"", ""longitude"": ""78.485909""}",/images/before.png,/images/after.png,2025-07-09 15:43:40.540667+00:00,29,toxic,"{""CO"": 2.82, ""CH4"": 36.83, ""H2S"": 13.82}",6,high
193,MH-0029,sb_005,sb_005,Hyderabad,Division 9 (Kukatpally),Hasmathpet,"{""latitude"": ""17.473066"", ""longitude"": ""78.485909""}",/images/before.png,/images/after.png,2025-07-09 15:26:40.540667+00:00,20,safe,"{""CO"": 2.14, ""CH4"": 50.1, ""H2S"": 15.0}",7,low
194,MH-0030,sb_008,sb_008,Hyderabad,Division 9 (Kukatpally),Hasmathpet,"{""latitude"": ""17.476219"", ""longitude"": ""78.495534""}",/images/before.png,/images/after.png,2025-07-20 16:15:40.540667+00:00,17,toxic,"{""CO"": 3.88, ""CH4"": 12.42, ""H2S"": 13.95}",2,high
195,MH-0030,sb_002,sb_002,Hyderabad,Division 9 (Kukatpally),Hasmathpet,"{""latitude"": ""17.476219"", ""longitude"": ""78.495534""}",/images/before.png,/images/after.png,2025-07-20 15:52:40.540667+00:00,28,alert,"{""CO"": 0.94, ""CH4"": 40.04, ""H2S"": 12.0}",7,medium
196,MH-0030,sb_005,sb_005,Hyderabad,Division 9 (Kukatpally),Hasmathpet,"{""latitude"": ""17.476219"", ""longitude"": ""78.495534""}",/images/before.png,/images/after.png,2025-07-20 15:25:40.540667+00:00,27,safe,"{""CO"": 4.04, ""CH4"": 51.53, ""H2S"": 18.2}",6,low
197,MH-0030,sb_007,sb_007,Hyderabad,Division 9 (Kukatpally),Hasmathpet,"{""latitude"": ""17.476219"", ""longitude"": ""78.495534""}",/images/before.png,/images/after.png,2025-07-20 15:10:40.540667+00:00,19,toxic,"{""CO"": 2.67, ""CH4"": 93.28, ""H2S"": 8.23}",4,high
198,MH-0030,sb_005,sb_005,Hyderabad,Division 9 (Kukatpally),Hasmathpet,"{""latitude"": ""17.476219"", ""longitude"": ""78.495534""}",/images/before.png,/images/after.png,2025-07-20 14:41:40.540667+00:00,19,alert,"{""CO"": 3.88, ""CH4"": 12.42, ""H2S"": 13.95}",2,medium
199,MH-0031,sb_002,sb_002,Hyderabad,Division 9 (Kukatpally),Hasmathpet,"{""latitude"": ""17.47461"", ""longitude"": ""78.495031""}",/images/before.png,/images/after.png,2025-07-19 16:06:40.540667+00:00,27,alert,"{""CO"": 3.45, ""CH4"": 76.23, ""H2S"": 13.65}",10,medium
200,MH-0031,sb_010,sb_010,Hyderabad,Division 9 (Kukatpally),Hasmathpet,"{""latitude"": ""17.47461"", ""longitude"": ""78.495031""}",/images/before.png,/images/after.png,2025-07-19 15:45:40.540667+00:00,15,alert,"{""CO"": 2.39, ""CH4"": 83.98, ""H2S"": 11.66}",6,medium
201,MH-0031,sb_001,sb_001,Hyderabad,Division 9 (Kukatpally),Hasmathpet,"{""latitude"": ""17.47461"", ""longitude"": ""78.495031""}",/images/before.png,/images/after.png,2025-07-19 15:27:40.540667+00:00,27,safe,"{""CO"": 0.06, ""CH4"": 9.64, ""H2S"": 15.04}",4,low
202,MH-0031,sb_009,sb_009,Hyderabad,Division 9 (Kukatpally),Hasmathpet,"{""latitude"": ""17.47461"", ""longitude"": ""78.495031""}",/images/before.png,/images/after.png,2025-07-19 15:09:40.540667+00:00,24,safe,"{""CO"": 1.69, ""CH4"": 22.21, ""H2S"": 2.22}",2,low
203,MH-0031,sb_001,sb_001,Hyderabad,Division 9 (Kukatpally),Hasmathpet,"{""latitude"": ""17.47461"", ""longitude"": ""78.495031""}",/images/before.png,/images/after.png,2025-07-19 14:44:40.540667+00:00,22,toxic,"{""CO"": 0.94, ""CH4"": 40.04, ""H2S"": 12.0}",4,high
204,MH-0031,sb_009,sb_009,Hyderabad,Division 9 (Kukatpally),Hasmathpet,"{""latitude"": ""17.47461"", ""longitude"": ""78.495031""}",/images/before.png,/images/after.png,2025-07-19 14:14:40.540667+00:00,15,alert,"{""CO"": 3.25, ""CH4"": 80.52, ""H2S"": 0.17}",6,medium
205,MH-0031,sb_004,sb_004,Hyderabad,Division 9 (Kukatpally),Hasmathpet,"{""latitude"": ""17.47461"", ""longitude"": ""78.495031""}",/images/before.png,/images/after.png,2025-07-19 13:47:40.540667+00:00,24,toxic,"{""CO"": 4.04, ""CH4"": 51.53, ""H2S"": 18.2}",2,high
206,MH-0032,sb_006,sb_006,Hyderabad,Division 9 (Kukatpally),Hasmathpet,"{""latitude"": ""17.473652"", ""longitude"": ""78.486261""}",/images/before.png,/images/after.png,2025-07-27 16:07:40.540667+00:00,26,toxic,"{""CO"": 1.69, ""CH4"": 22.21, ""H2S"": 2.22}",3,high
207,MH-0032,sb_009,sb_009,Hyderabad,Division 9 (Kukatpally),Hasmathpet,"{""latitude"": ""17.473652"", ""longitude"": ""78.486261""}",/images/before.png,/images/after.png,2025-07-27 15:45:40.540667+00:00,15,safe,"{""CO"": 2.67, ""CH4"": 93.28, ""H2S"": 8.23}",10,low
208,MH-0032,sb_008,sb_008,Hyderabad,Division 9 (Kukatpally),Hasmathpet,"{""latitude"": ""17.473652"", ""longitude"": ""78.486261""}",/images/before.png,/images/after.png,2025-07-27 15:20:40.540667+00:00,26,alert,"{""CO"": 2.43, ""CH4"": 33.78, ""H2S"": 1.93}",3,medium
209,MH-0032,sb_003,sb_003,Hyderabad,Division 9 (Kukatpally),Hasmathpet,"{""latitude"": ""17.473652"", ""longitude"": ""78.486261""}",/images/before.png,/images/after.png,2025-07-27 14:51:40.540667+00:00,26,alert,"{""CO"": 4.67, ""CH4"": 4.62, ""H2S"": 8.78}",2,medium
210,MH-0032,sb_009,sb_009,Hyderabad,Division 9 (Kukatpally),Hasmathpet,"{""latitude"": ""17.473652"", ""longitude"": ""78.486261""}",/images/before.png,/images/after.png,2025-07-27 14:35:40.540667+00:00,24,alert,"{""CO"": 3.45, ""CH4"": 76.23, ""H2S"": 13.65}",8,medium
211,MH-0033,sb_002,sb_002,Hyderabad,Division 9 (Kukatpally),Hasmathpet,"{""latitude"": ""17.47505"", ""longitude"": ""78.492306""}",/images/before.png,/images/after.png,2025-07-03 16:09:40.540667+00:00,28,safe,"{""CO"": 3.25, ""CH4"": 80.52, ""H2S"": 0.17}",6,low
212,MH-0033,sb_007,sb_007,Hyderabad,Division 9 (Kukatpally),Hasmathpet,"{""latitude"": ""17.47505"", ""longitude"": ""78.492306""}",/images/before.png,/images/after.png,2025-07-03 15:41:40.540667+00:00,25,safe,"{""CO"": 1.54, ""CH4"": 17.55, ""H2S"": 19.35}",5,low
213,MH-0033,sb_002,sb_002,Hyderabad,Division 9 (Kukatpally),Hasmathpet,"{""latitude"": ""17.47505"", ""longitude"": ""78.492306""}",/images/before.png,/images/after.png,2025-07-03 15:20:40.540667+00:00,30,alert,"{""CO"": 1.21, ""CH4"": 20.71, ""H2S"": 14.45}",3,medium
214,MH-0034,sb_007,sb_007,Hyderabad,Division 9 (Kukatpally),Hasmathpet,"{""latitude"": ""17.47255"", ""longitude"": ""78.48887""}",/images/before.png,/images/after.png,2025-07-13 16:09:40.540667+00:00,17,alert,"{""CO"": 1.69, ""CH4"": 22.21, ""H2S"": 2.22}",9,medium
215,MH-0034,sb_004,sb_004,Hyderabad,Division 9 (Kukatpally),Hasmathpet,"{""latitude"": ""17.47255"", ""longitude"": ""78.48887""}",/images/before.png,/images/after.png,2025-07-13 15:46:40.540667+00:00,19,safe,"{""CO"": 2.43, ""CH4"": 33.78, ""H2S"": 1.93}",8,low
216,MH-0034,sb_006,sb_006,Hyderabad,Division 9 (Kukatpally),Hasmathpet,"{""latitude"": ""17.47255"", ""longitude"": ""78.48887""}",/images/before.png,/images/after.png,2025-07-13 15:24:40.540667+00:00,26,safe,"{""CO"": 2.43, ""CH4"": 33.78, ""H2S"": 1.93}",7,low
217,MH-0035,sb_005,sb_005,Hyderabad,Division 9 (Kukatpally),Hasmathpet,"{""latitude"": ""17.476988"", ""longitude"": ""78.494533""}",/images/before.png,/images/after.png,2025-07-01 16:09:40.540667+00:00,30,toxic,"{""CO"": 2.43, ""CH4"": 33.78, ""H2S"": 1.93}",4,high
218,MH-0035,sb_002,sb_002,Hyderabad,Division 9 (Kukatpally),Hasmathpet,"{""latitude"": ""17.476988"", ""longitude"": ""78.494533""}",/images/before.png,/images/after.png,2025-07-01 15:48:40.540667+00:00,22,safe,"{""CO"": 3.0, ""CH4"": 91.09, ""H2S"": 13.02}",4,low
219,MH-0035,sb_005,sb_005,Hyderabad,Division 9 (Kukatpally),Hasmathpet,"{""latitude"": ""17.476988"", ""longitude"": ""78.494533""}",/images/before.png,/images/after.png,2025-07-01 15:33:40.540667+00:00,30,toxic,"{""CO"": 2.36, ""CH4"": 57.32, ""H2S"": 7.92}",9,high
220,MH-0035,sb_008,sb_008,Hyderabad,Division 9 (Kukatpally),Hasmathpet,"{""latitude"": ""17.476988"", ""longitude"": ""78.494533""}",/images/before.png,/images/after.png,2025-07-01 15:13:40.540667+00:00,26,alert,"{""CO"": 2.43, ""CH4"": 33.78, ""H2S"": 1.93}",7,medium
221,MH-0035,sb_003,sb_003,Hyderabad,Division 9 (Kukatpally),Hasmathpet,"{""latitude"": ""17.476988"", ""longitude"": ""78.494533""}",/images/before.png,/images/after.png,2025-07-01 14:54:40.540667+00:00,30,alert,"{""CO"": 1.07, ""CH4"": 13.41, ""H2S"": 2.4}",2,medium
222,MH-0035,sb_002,sb_002,Hyderabad,Division 9 (Kukatpally),Hasmathpet,"{""latitude"": ""17.476988"", ""longitude"": ""78.494533""}",/images/before.png,/images/after.png,2025-07-01 14:36:40.540667+00:00,27,safe,"{""CO"": 4.67, ""CH4"": 4.62, ""H2S"": 8.78}",7,low
223,MH-0036,sb_005,sb_005,Hyderabad,Division 9 (Kukatpally),Hasmathpet,"{""latitude"": ""17.477922"", ""longitude"": ""78.495012""}",/images/before.png,/images/after.png,2025-07-01 16:03:40.540667+00:00,25,safe,"{""CO"": 2.43, ""CH4"": 33.78, ""H2S"": 1.93}",6,low
224,MH-0036,sb_007,sb_007,Hyderabad,Division 9 (Kukatpally),Hasmathpet,"{""latitude"": ""17.477922"", ""longitude"": ""78.495012""}",/images/before.png,/images/after.png,2025-07-01 15:45:40.540667+00:00,23,toxic,"{""CO"": 2.43, ""CH4"": 33.78, ""H2S"": 1.93}",10,high
225,MH-0036,sb_006,sb_006,Hyderabad,Division 9 (Kukatpally),Hasmathpet,"{""latitude"": ""17.477922"", ""longitude"": ""78.495012""}",/images/before.png,/images/after.png,2025-07-01 15:21:40.540667+00:00,15,alert,"{""CO"": 0.89, ""CH4"": 63.5, ""H2S"": 0.8}",9,medium
226,MH-0036,sb_002,sb_002,Hyderabad,Division 9 (Kukatpally),Hasmathpet,"{""latitude"": ""17.477922"", ""longitude"": ""78.495012""}",/images/before.png,/images/after.png,2025-07-01 15:02:40.540667+00:00,26,toxic,"{""CO"": 4.73, ""CH4"": 41.44, ""H2S"": 17.36}",4,high
227,MH-0036,sb_004,sb_004,Hyderabad,Division 9 (Kukatpally),Hasmathpet,"{""latitude"": ""17.477922"", ""longitude"": ""78.495012""}",/images/before.png,/images/after.png,2025-07-01 14:43:40.540667+00:00,24,toxic,"{""CO"": 4.11, ""CH4"": 92.12, ""H2S"": 8.87}",6,high
228,MH-0037,sb_004,sb_004,Hyderabad,Division 9 (Kukatpally),Hasmathpet,"{""latitude"": ""17.472504"", ""longitude"": ""78.488695""}",/images/before.png,/images/after.png,2025-07-14 16:05:40.540667+00:00,24,safe,"{""CO"": 4.43, ""CH4"": 51.04, ""H2S"": 18.01}",5,low
229,MH-0037,sb_010,sb_010,Hyderabad,Division 9 (Kukatpally),Hasmathpet,"{""latitude"": ""17.472504"", ""longitude"": ""78.488695""}",/images/before.png,/images/after.png,2025-07-14 15:37:40.540667+00:00,29,safe,"{""CO"": 4.11, ""CH4"": 92.12, ""H2S"": 8.87}",4,low
230,MH-0037,sb_006,sb_006,Hyderabad,Division 9 (Kukatpally),Hasmathpet,"{""latitude"": ""17.472504"", ""longitude"": ""78.488695""}",/images/before.png,/images/after.png,2025-07-14 15:14:40.540667+00:00,25,alert,"{""CO"": 4.42, ""CH4"": 37.47, ""H2S"": 8.44}",5,medium
231,MH-0037,sb_001,sb_001,Hyderabad,Division 9 (Kukatpally),Hasmathpet,"{""latitude"": ""17.472504"", ""longitude"": ""78.488695""}",/images/before.png,/images/after.png,2025-07-14 14:46:40.540667+00:00,27,toxic,"{""CO"": 2.56, ""CH4"": 18.82, ""H2S"": 17.17}",6,high
232,MH-0037,sb_008,sb_008,Hyderabad,Division 9 (Kukatpally),Hasmathpet,"{""latitude"": ""17.472504"", ""longitude"": ""78.488695""}",/images/before.png,/images/after.png,2025-07-14 14:25:40.540667+00:00,18,safe,"{""CO"": 0.9, ""CH4"": 16.7, ""H2S"": 6.39}",8,low
233,MH-0037,sb_008,sb_008,Hyderabad,Division 9 (Kukatpally),Hasmathpet,"{""latitude"": ""17.472504"", ""longitude"": ""78.488695""}",/images/before.png,/images/after.png,2025-07-14 14:08:40.540667+00:00,24,alert,"{""CO"": 1.25, ""CH4"": 91.69, ""H2S"": 8.81}",2,medium
234,MH-0037,sb_006,sb_006,Hyderabad,Division 9 (Kukatpally),Hasmathpet,"{""latitude"": ""17.472504"", ""longitude"": ""78.488695""}",/images/before.png,/images/after.png,2025-07-14 13:44:40.540667+00:00,25,toxic,"{""CO"": 1.25, ""CH4"": 91.69, ""H2S"": 8.81}",2,high
235,MH-0037,sb_008,sb_008,Hyderabad,Division 9 (Kukatpally),Hasmathpet,"{""latitude"": ""17.472504"", ""longitude"": ""78.488695""}",/images/before.png,/images/after.png,2025-07-14 13:24:40.540667+00:00,19,safe,"{""CO"": 0.84, ""CH4"": 72.17, ""H2S"": 1.66}",2,low
236,MH-0037,sb_001,sb_001,Hyderabad,Division 9 (Kukatpally),Hasmathpet,"{""latitude"": ""17.472504"", ""longitude"": ""78.488695""}",/images/before.png,/images/after.png,2025-07-14 13:06:40.540667+00:00,29,alert,"{""CO"": 4.64, ""CH4"": 71.84, ""H2S"": 18.3}",10,medium
237,MH-0038,sb_004,sb_004,Hyderabad,Division 9 (Kukatpally),Hasmathpet,"{""latitude"": ""17.474599"", ""longitude"": ""78.490983""}",/images/before.png,/images/after.png,2025-07-14 16:03:40.540667+00:00,16,safe,"{""CO"": 0.13, ""CH4"": 5.12, ""H2S"": 9.18}",4,low
238,MH-0038,sb_004,sb_004,Hyderabad,Division 9 (Kukatpally),Hasmathpet,"{""latitude"": ""17.474599"", ""longitude"": ""78.490983""}",/images/before.png,/images/after.png,2025-07-14 15:33:40.540667+00:00,16,safe,"{""CO"": 0.84, ""CH4"": 72.17, ""H2S"": 1.66}",9,low
239,MH-0038,sb_003,sb_003,Hyderabad,Division 9 (Kukatpally),Hasmathpet,"{""latitude"": ""17.474599"", ""longitude"": ""78.490983""}",/images/before.png,/images/after.png,2025-07-14 15:04:40.540667+00:00,16,toxic,"{""CO"": 2.64, ""CH4"": 96.3, ""H2S"": 1.75}",8,high
240,MH-0038,sb_010,sb_010,Hyderabad,Division 9 (Kukatpally),Hasmathpet,"{""latitude"": ""17.474599"", ""longitude"": ""78.490983""}",/images/before.png,/images/after.png,2025-07-14 14:40:40.540667+00:00,23,alert,"{""CO"": 3.23, ""CH4"": 29.14, ""H2S"": 13.12}",10,medium
241,MH-0038,sb_008,sb_008,Hyderabad,Division 9 (Kukatpally),Hasmathpet,"{""latitude"": ""17.474599"", ""longitude"": ""78.490983""}",/images/before.png,/images/after.png,2025-07-14 14:17:40.540667+00:00,16,safe,"{""CO"": 3.23, ""CH4"": 29.14, ""H2S"": 13.12}",5,low
242,MH-0038,sb_004,sb_004,Hyderabad,Division 9 (Kukatpally),Hasmathpet,"{""latitude"": ""17.474599"", ""longitude"": ""78.490983""}",/images/before.png,/images/after.png,2025-07-14 13:52:40.540667+00:00,27,safe,"{""CO"": 3.23, ""CH4"": 29.14, ""H2S"": 13.12}",5,low
243,MH-0038,sb_010,sb_010,Hyderabad,Division 9 (Kukatpally),Hasmathpet,"{""latitude"": ""17.474599"", ""longitude"": ""78.490983""}",/images/before.png,/images/after.png,2025-07-14 13:28:40.540667+00:00,23,safe,"{""CO"": 1.03, ""CH4"": 48.84, ""H2S"": 0.46}",5,low
244,MH-0039,sb_009,sb_009,Hyderabad,Division 9 (Kukatpally),Hasmathpet,"{""latitude"": ""17.475062"", ""longitude"": ""78.489284""}",/images/before.png,/images/after.png,2025-07-27 16:08:40.540667+00:00,20,safe,"{""CO"": 4.18, ""CH4"": 65.79, ""H2S"": 13.94}",3,low
245,MH-0039,sb_002,sb_002,Hyderabad,Division 9 (Kukatpally),Hasmathpet,"{""latitude"": ""17.475062"", ""longitude"": ""78.489284""}",/images/before.png,/images/after.png,2025-07-27 15:47:40.540667+00:00,27,alert,"{""CO"": 4.18, ""CH4"": 65.79, ""H2S"": 13.94}",7,medium
246,MH-0039,sb_005,sb_005,Hyderabad,Division 9 (Kukatpally),Hasmathpet,"{""latitude"": ""17.475062"", ""longitude"": ""78.489284""}",/images/before.png,/images/after.png,2025-07-27 15:27:40.540667+00:00,25,toxic,"{""CO"": 4.41, ""CH4"": 13.41, ""H2S"": 13.22}",6,high
247,MH-0040,sb_009,sb_009,Hyderabad,Division 9 (Kukatpally),Hasmathpet,"{""latitude"": ""17.47259"", ""longitude"": ""78.490277""}",/images/before.png,/images/after.png,2025-07-04 16:06:40.540667+00:00,24,safe,"{""CO"": 4.21, ""CH4"": 25.92, ""H2S"": 19.52}",9,low
248,MH-0040,sb_001,sb_001,Hyderabad,Division 9 (Kukatpally),Hasmathpet,"{""latitude"": ""17.47259"", ""longitude"": ""78.490277""}",/images/before.png,/images/after.png,2025-07-04 15:48:40.540667+00:00,30,toxic,"{""CO"": 4.18, ""CH4"": 65.79, ""H2S"": 13.94}",2,high
249,MH-0040,sb_008,sb_008,Hyderabad,Division 9 (Kukatpally),Hasmathpet,"{""latitude"": ""17.47259"", ""longitude"": ""78.490277""}",/images/before.png,/images/after.png,2025-07-04 15:32:40.540667+00:00,29,alert,"{""CO"": 4.18, ""CH4"": 65.79, ""H2S"": 13.94}",2,medium
250,MH-0040,sb_001,sb_001,Hyderabad,Division 9 (Kukatpally),Hasmathpet,"{""latitude"": ""17.47259"", ""longitude"": ""78.490277""}",/images/before.png,/images/after.png,2025-07-04 15:14:40.540667+00:00,15,toxic,"{""CO"": 1.28, ""CH4"": 6.55, ""H2S"": 18.81}",10,high
251,MH-0040,sb_004,sb_004,Hyderabad,Division 9 (Kukatpally),Hasmathpet,"{""latitude"": ""17.47259"", ""longitude"": ""78.490277""}",/images/before.png,/images/after.png,2025-07-04 14:56:40.540667+00:00,24,safe,"{""CO"": 3.82, ""CH4"": 5.35, ""H2S"": 14.48}",7,low
252,MH-0041,sb_010,sb_010,Hyderabad,Division 9 (Kukatpally),Hasmathpet,"{""latitude"": ""17.475776"", ""longitude"": ""78.487766""}",/images/before.png,/images/after.png,2025-07-30 16:03:40.540667+00:00,21,toxic,"{""CO"": 2.14, ""CH4"": 14.54, ""H2S"": 19.31}",5,high
253,MH-0041,sb_004,sb_004,Hyderabad,Division 9 (Kukatpally),Hasmathpet,"{""latitude"": ""17.475776"", ""longitude"": ""78.487766""}",/images/before.png,/images/after.png,2025-07-30 15:46:40.540667+00:00,15,toxic,"{""CO"": 0.96, ""CH4"": 32.3, ""H2S"": 3.12}",3,high
254,MH-0041,sb_007,sb_007,Hyderabad,Division 9 (Kukatpally),Hasmathpet,"{""latitude"": ""17.475776"", ""longitude"": ""78.487766""}",/images/before.png,/images/after.png,2025-07-30 15:18:40.540667+00:00,23,toxic,"{""CO"": 4.21, ""CH4"": 25.92, ""H2S"": 19.52}",4,high
255,MH-0041,sb_005,sb_005,Hyderabad,Division 9 (Kukatpally),Hasmathpet,"{""latitude"": ""17.475776"", ""longitude"": ""78.487766""}",/images/before.png,/images/after.png,2025-07-30 14:59:40.540667+00:00,27,alert,"{""CO"": 1.97, ""CH4"": 52.45, ""H2S"": 6.73}",6,medium
256,MH-0041,sb_002,sb_002,Hyderabad,Division 9 (Kukatpally),Hasmathpet,"{""latitude"": ""17.475776"", ""longitude"": ""78.487766""}",/images/before.png,/images/after.png,2025-07-30 14:39:40.540667+00:00,24,safe,"{""CO"": 1.65, ""CH4"": 69.29, ""H2S"": 7.03}",7,low
257,MH-0041,sb_007,sb_007,Hyderabad,Division 9 (Kukatpally),Hasmathpet,"{""latitude"": ""17.475776"", ""longitude"": ""78.487766""}",/images/before.png,/images/after.png,2025-07-30 14:10:40.540667+00:00,23,safe,"{""CO"": 1.87, ""CH4"": 94.23, ""H2S"": 12.43}",10,low
258,MH-0041,sb_008,sb_008,Hyderabad,Division 9 (Kukatpally),Hasmathpet,"{""latitude"": ""17.475776"", ""longitude"": ""78.487766""}",/images/before.png,/images/after.png,2025-07-30 13:43:40.540667+00:00,28,safe,"{""CO"": 2.24, ""CH4"": 36.18, ""H2S"": 8.19}",6,low
259,MH-0041,sb_002,sb_002,Hyderabad,Division 9 (Kukatpally),Hasmathpet,"{""latitude"": ""17.475776"", ""longitude"": ""78.487766""}",/images/before.png,/images/after.png,2025-07-30 13:15:40.540667+00:00,26,toxic,"{""CO"": 2.24, ""CH4"": 36.18, ""H2S"": 8.19}",7,high
260,MH-0041,sb_010,sb_010,Hyderabad,Division 9 (Kukatpally),Hasmathpet,"{""latitude"": ""17.475776"", ""longitude"": ""78.487766""}",/images/before.png,/images/after.png,2025-07-30 12:48:40.540667+00:00,21,safe,"{""CO"": 0.67, ""CH4"": 13.88, ""H2S"": 3.44}",4,low
261,MH-0041,sb_005,sb_005,Hyderabad,Division 9 (Kukatpally),Hasmathpet,"{""latitude"": ""17.475776"", ""longitude"": ""78.487766""}",/images/before.png,/images/after.png,2025-07-30 12:30:40.540667+00:00,21,alert,"{""CO"": 1.5, ""CH4"": 47.89, ""H2S"": 15.35}",8,medium
262,MH-0042,sb_010,sb_010,Hyderabad,Division 9 (Kukatpally),Hasmathpet,"{""latitude"": ""17.474876"", ""longitude"": ""78.486106""}",/images/before.png,/images/after.png,2025-07-21 16:08:40.540667+00:00,19,toxic,"{""CO"": 3.41, ""CH4"": 38.1, ""H2S"": 9.44}",2,high
263,MH-0042,sb_002,sb_002,Hyderabad,Division 9 (Kukatpally),Hasmathpet,"{""latitude"": ""17.474876"", ""longitude"": ""78.486106""}",/images/before.png,/images/after.png,2025-07-21 15:53:40.540667+00:00,17,safe,"{""CO"": 3.41, ""CH4"": 38.1, ""H2S"": 9.44}",2,low
264,MH-0042,sb_003,sb_003,Hyderabad,Division 9 (Kukatpally),Hasmathpet,"{""latitude"": ""17.474876"", ""longitude"": ""78.486106""}",/images/before.png,/images/after.png,2025-07-21 15:34:40.540667+00:00,21,safe,"{""CO"": 3.41, ""CH4"": 38.1, ""H2S"": 9.44}",5,low
265,MH-0042,sb_005,sb_005,Hyderabad,Division 9 (Kukatpally),Hasmathpet,"{""latitude"": ""17.474876"", ""longitude"": ""78.486106""}",/images/before.png,/images/after.png,2025-07-21 15:09:40.540667+00:00,15,toxic,"{""CO"": 1.8, ""CH4"": 88.55, ""H2S"": 3.07}",3,high
266,MH-0042,sb_002,sb_002,Hyderabad,Division 9 (Kukatpally),Hasmathpet,"{""latitude"": ""17.474876"", ""longitude"": ""78.486106""}",/images/before.png,/images/after.png,2025-07-21 14:43:40.540667+00:00,23,alert,"{""CO"": 2.3, ""CH4"": 5.17, ""H2S"": 4.73}",10,medium
267,MH-0042,sb_009,sb_009,Hyderabad,Division 9 (Kukatpally),Hasmathpet,"{""latitude"": ""17.474876"", ""longitude"": ""78.486106""}",/images/before.png,/images/after.png,2025-07-21 14:21:40.540667+00:00,26,alert,"{""CO"": 2.3, ""CH4"": 5.17, ""H2S"": 4.73}",7,medium
268,MH-0042,sb_009,sb_009,Hyderabad,Division 9 (Kukatpally),Hasmathpet,"{""latitude"": ""17.474876"", ""longitude"": ""78.486106""}",/images/before.png,/images/after.png,2025-07-21 13:59:40.540667+00:00,28,safe,"{""CO"": 2.3, ""CH4"": 5.17, ""H2S"": 4.73}",10,low
269,MH-0042,sb_003,sb_003,Hyderabad,Division 9 (Kukatpally),Hasmathpet,"{""latitude"": ""17.474876"", ""longitude"": ""78.486106""}",/images/before.png,/images/after.png,2025-07-21 13:40:40.540667+00:00,16,alert,"{""CO"": 2.3, ""CH4"": 5.17, ""H2S"": 4.73}",5,medium
270,MH-0042,sb_004,sb_004,Hyderabad,Division 9 (Kukatpally),Hasmathpet,"{""latitude"": ""17.474876"", ""longitude"": ""78.486106""}",/images/before.png,/images/after.png,2025-07-21 13:17:40.540667+00:00,27,toxic,"{""CO"": 0.6, ""CH4"": 53.77, ""H2S"": 16.02}",3,high
271,MH-0042,sb_008,sb_008,Hyderabad,Division 9 (Kukatpally),Hasmathpet,"{""latitude"": ""17.474876"", ""longitude"": ""78.486106""}",/images/before.png,/images/after.png,2025-07-21 12:51:40.540667+00:00,22,toxic,"{""CO"": 2.3, ""CH4"": 5.17, ""H2S"": 4.73}",10,high
272,MH-0043,sb_002,sb_002,Hyderabad,Division 9 (Kukatpally),Hasmathpet,"{""latitude"": ""17.476271"", ""longitude"": ""78.493102""}",/images/before.png,/images/after.png,2025-07-24 16:15:40.540667+00:00,29,toxic,"{""CO"": 0.07, ""CH4"": 85.09, ""H2S"": 5.24}",9,high
273,MH-0043,sb_002,sb_002,Hyderabad,Division 9 (Kukatpally),Hasmathpet,"{""latitude"": ""17.476271"", ""longitude"": ""78.493102""}",/images/before.png,/images/after.png,2025-07-24 15:59:40.540667+00:00,21,alert,"{""CO"": 2.3, ""CH4"": 5.17, ""H2S"": 4.73}",2,medium
274,MH-0043,sb_002,sb_002,Hyderabad,Division 9 (Kukatpally),Hasmathpet,"{""latitude"": ""17.476271"", ""longitude"": ""78.493102""}",/images/before.png,/images/after.png,2025-07-24 15:38:40.540667+00:00,23,safe,"{""CO"": 4.03, ""CH4"": 47.76, ""H2S"": 6.35}",6,low
275,MH-0043,sb_002,sb_002,Hyderabad,Division 9 (Kukatpally),Hasmathpet,"{""latitude"": ""17.476271"", ""longitude"": ""78.493102""}",/images/before.png,/images/after.png,2025-07-24 15:16:40.540667+00:00,22,safe,"{""CO"": 0.08, ""CH4"": 85.37, ""H2S"": 11.13}",6,low
276,MH-0043,sb_009,sb_009,Hyderabad,Division 9 (Kukatpally),Hasmathpet,"{""latitude"": ""17.476271"", ""longitude"": ""78.493102""}",/images/before.png,/images/after.png,2025-07-24 14:56:40.540667+00:00,27,alert,"{""CO"": 4.03, ""CH4"": 47.76, ""H2S"": 6.35}",5,medium
277,MH-0043,sb_009,sb_009,Hyderabad,Division 9 (Kukatpally),Hasmathpet,"{""latitude"": ""17.476271"", ""longitude"": ""78.493102""}",/images/before.png,/images/after.png,2025-07-24 14:27:40.540667+00:00,24,toxic,"{""CO"": 4.03, ""CH4"": 47.76, ""H2S"": 6.35}",3,high
278,MH-0043,sb_003,sb_003,Hyderabad,Division 9 (Kukatpally),Hasmathpet,"{""latitude"": ""17.476271"", ""longitude"": ""78.493102""}",/images/before.png,/images/after.png,2025-07-24 14:11:40.540667+00:00,15,alert,"{""CO"": 3.54, ""CH4"": 88.47, ""H2S"": 10.75}",5,medium
279,MH-0043,sb_006,sb_006,Hyderabad,Division 9 (Kukatpally),Hasmathpet,"{""latitude"": ""17.476271"", ""longitude"": ""78.493102""}",/images/before.png,/images/after.png,2025-07-24 13:43:40.540667+00:00,19,safe,"{""CO"": 0.38, ""CH4"": 96.18, ""H2S"": 11.35}",8,low
280,MH-0044,sb_007,sb_007,Hyderabad,Division 9 (Kukatpally),Hasmathpet,"{""latitude"": ""17.473481"", ""longitude"": ""78.486677""}",/images/before.png,/images/after.png,2025-07-10 16:09:40.540667+00:00,23,safe,"{""CO"": 2.34, ""CH4"": 37.52, ""H2S"": 4.4}",7,low
281,MH-0044,sb_008,sb_008,Hyderabad,Division 9 (Kukatpally),Hasmathpet,"{""latitude"": ""17.473481"", ""longitude"": ""78.486677""}",/images/before.png,/images/after.png,2025-07-10 15:42:40.540667+00:00,19,safe,"{""CO"": 2.34, ""CH4"": 37.52, ""H2S"": 4.4}",4,low
282,MH-0044,sb_001,sb_001,Hyderabad,Division 9 (Kukatpally),Hasmathpet,"{""latitude"": ""17.473481"", ""longitude"": ""78.486677""}",/images/before.png,/images/after.png,2025-07-10 15:12:40.540667+00:00,29,safe,"{""CO"": 2.12, ""CH4"": 58.67, ""H2S"": 14.44}",10,low
283,MH-0044,sb_004,sb_004,Hyderabad,Division 9 (Kukatpally),Hasmathpet,"{""latitude"": ""17.473481"", ""longitude"": ""78.486677""}",/images/before.png,/images/after.png,2025-07-10 14:51:40.540667+00:00,23,safe,"{""CO"": 0.51, ""CH4"": 64.05, ""H2S"": 7.63}",2,low
284,MH-0044,sb_005,sb_005,Hyderabad,Division 9 (Kukatpally),Hasmathpet,"{""latitude"": ""17.473481"", ""longitude"": ""78.486677""}",/images/before.png,/images/after.png,2025-07-10 14:26:40.540667+00:00,20,safe,"{""CO"": 0.51, ""CH4"": 64.05, ""H2S"": 7.63}",2,low
285,MH-0044,sb_008,sb_008,Hyderabad,Division 9 (Kukatpally),Hasmathpet,"{""latitude"": ""17.473481"", ""longitude"": ""78.486677""}",/images/before.png,/images/after.png,2025-07-10 14:00:40.540667+00:00,18,safe,"{""CO"": 1.96, ""CH4"": 71.13, ""H2S"": 10.85}",2,low
286,MH-0044,sb_001,sb_001,Hyderabad,Division 9 (Kukatpally),Hasmathpet,"{""latitude"": ""17.473481"", ""longitude"": ""78.486677""}",/images/before.png,/images/after.png,2025-07-10 13:35:40.540667+00:00,15,toxic,"{""CO"": 4.55, ""CH4"": 62.07, ""H2S"": 13.41}",10,high
287,MH-0045,sb_009,sb_009,Hyderabad,Division 9 (Kukatpally),Hasmathpet,"{""latitude"": ""17.47351"", ""longitude"": ""78.493458""}",/images/before.png,/images/after.png,2025-07-31 16:08:40.540667+00:00,18,alert,"{""CO"": 2.03, ""CH4"": 66.55, ""H2S"": 5.79}",3,medium
288,MH-0045,sb_007,sb_007,Hyderabad,Division 9 (Kukatpally),Hasmathpet,"{""latitude"": ""17.47351"", ""longitude"": ""78.493458""}",/images/before.png,/images/after.png,2025-07-31 15:46:40.540667+00:00,25,safe,"{""CO"": 3.96, ""CH4"": 84.62, ""H2S"": 16.56}",2,low
289,MH-0045,sb_006,sb_006,Hyderabad,Division 9 (Kukatpally),Hasmathpet,"{""latitude"": ""17.47351"", ""longitude"": ""78.493458""}",/images/before.png,/images/after.png,2025-07-31 15:17:40.540667+00:00,30,toxic,"{""CO"": 4.66, ""CH4"": 31.59, ""H2S"": 5.37}",10,high
290,MH-0045,sb_001,sb_001,Hyderabad,Division 9 (Kukatpally),Hasmathpet,"{""latitude"": ""17.47351"", ""longitude"": ""78.493458""}",/images/before.png,/images/after.png,2025-07-31 14:53:40.540667+00:00,30,safe,"{""CO"": 2.03, ""CH4"": 66.55, ""H2S"": 5.79}",4,low
291,MH-0045,sb_005,sb_005,Hyderabad,Division 9 (Kukatpally),Hasmathpet,"{""latitude"": ""17.47351"", ""longitude"": ""78.493458""}",/images/before.png,/images/after.png,2025-07-31 14:24:40.540667+00:00,27,safe,"{""CO"": 4.08, ""CH4"": 42.9, ""H2S"": 15.45}",4,low
292,MH-0046,sb_005,sb_005,Hyderabad,Division 9 (Kukatpally),Hasmathpet,"{""latitude"": ""17.47301"", ""longitude"": ""78.494711""}",/images/before.png,/images/after.png,2025-07-16 16:00:40.540667+00:00,18,toxic,"{""CO"": 2.03, ""CH4"": 66.55, ""H2S"": 5.79}",3,high
293,MH-0046,sb_001,sb_001,Hyderabad,Division 9 (Kukatpally),Hasmathpet,"{""latitude"": ""17.47301"", ""longitude"": ""78.494711""}",/images/before.png,/images/after.png,2025-07-16 15:36:40.540667+00:00,29,safe,"{""CO"": 2.49, ""CH4"": 94.56, ""H2S"": 11.62}",10,low
294,MH-0046,sb_001,sb_001,Hyderabad,Division 9 (Kukatpally),Hasmathpet,"{""latitude"": ""17.47301"", ""longitude"": ""78.494711""}",/images/before.png,/images/after.png,2025-07-16 15:07:40.540667+00:00,15,toxic,"{""CO"": 2.15, ""CH4"": 32.8, ""H2S"": 14.7}",3,high
295,MH-0046,sb_009,sb_009,Hyderabad,Division 9 (Kukatpally),Hasmathpet,"{""latitude"": ""17.47301"", ""longitude"": ""78.494711""}",/images/before.png,/images/after.png,2025-07-16 14:49:40.540667+00:00,16,toxic,"{""CO"": 2.5, ""CH4"": 31.84, ""H2S"": 12.04}",3,high
296,MH-0046,sb_009,sb_009,Hyderabad,Division 9 (Kukatpally),Hasmathpet,"{""latitude"": ""17.47301"", ""longitude"": ""78.494711""}",/images/before.png,/images/after.png,2025-07-16 14:21:40.540667+00:00,22,alert,"{""CO"": 1.24, ""CH4"": 23.02, ""H2S"": 13.28}",9,medium
297,MH-0047,sb_009,sb_009,Hyderabad,Division 9 (Kukatpally),Hasmathpet,"{""latitude"": ""17.472664"", ""longitude"": ""78.493057""}",/images/before.png,/images/after.png,2025-07-14 16:00:40.540667+00:00,21,toxic,"{""CO"": 2.55, ""CH4"": 1.58, ""H2S"": 8.06}",7,high
298,MH-0047,sb_004,sb_004,Hyderabad,Division 9 (Kukatpally),Hasmathpet,"{""latitude"": ""17.472664"", ""longitude"": ""78.493057""}",/images/before.png,/images/after.png,2025-07-14 15:42:40.540667+00:00,29,safe,"{""CO"": 2.55, ""CH4"": 1.58, ""H2S"": 8.06}",5,low
299,MH-0047,sb_001,sb_001,Hyderabad,Division 9 (Kukatpally),Hasmathpet,"{""latitude"": ""17.472664"", ""longitude"": ""78.493057""}",/images/before.png,/images/after.png,2025-07-14 15:14:40.540667+00:00,20,toxic,"{""CO"": 0.93, ""CH4"": 53.1, ""H2S"": 12.74}",6,high
300,MH-0047,sb_010,sb_010,Hyderabad,Division 9 (Kukatpally),Hasmathpet,"{""latitude"": ""17.472664"", ""longitude"": ""78.493057""}",/images/before.png,/images/after.png,2025-07-14 14:49:40.540667+00:00,23,alert,"{""CO"": 4.56, ""CH4"": 50.11, ""H2S"": 8.66}",7,medium
301,MH-0048,sb_007,sb_007,Hyderabad,Division 9 (Kukatpally),Hasmathpet,"{""latitude"": ""17.47669"", ""longitude"": ""78.489877""}",/images/before.png,/images/after.png,2025-07-05 16:10:40.540667+00:00,23,toxic,"{""CO"": 2.79, ""CH4"": 52.38, ""H2S"": 8.58}",2,high
302,MH-0048,sb_002,sb_002,Hyderabad,Division 9 (Kukatpally),Hasmathpet,"{""latitude"": ""17.47669"", ""longitude"": ""78.489877""}",/images/before.png,/images/after.png,2025-07-05 15:49:40.540667+00:00,22,alert,"{""CO"": 3.9, ""CH4"": 68.57, ""H2S"": 7.01}",5,medium
303,MH-0048,sb_009,sb_009,Hyderabad,Division 9 (Kukatpally),Hasmathpet,"{""latitude"": ""17.47669"", ""longitude"": ""78.489877""}",/images/before.png,/images/after.png,2025-07-05 15:22:40.540667+00:00,29,toxic,"{""CO"": 4.56, ""CH4"": 50.11, ""H2S"": 8.66}",4,high
304,MH-0048,sb_005,sb_005,Hyderabad,Division 9 (Kukatpally),Hasmathpet,"{""latitude"": ""17.47669"", ""longitude"": ""78.489877""}",/images/before.png,/images/after.png,2025-07-05 14:57:40.540667+00:00,17,safe,"{""CO"": 0.9, ""CH4"": 21.73, ""H2S"": 6.96}",10,low
305,MH-0048,sb_004,sb_004,Hyderabad,Division 9 (Kukatpally),Hasmathpet,"{""latitude"": ""17.47669"", ""longitude"": ""78.489877""}",/images/before.png,/images/after.png,2025-07-05 14:30:40.540667+00:00,28,toxic,"{""CO"": 4.51, ""CH4"": 47.05, ""H2S"": 10.73}",2,high
306,MH-0049,sb_004,sb_004,Hyderabad,Division 9 (Kukatpally),Hasmathpet,"{""latitude"": ""17.474095"", ""longitude"": ""78.48919""}",/images/before.png,/images/after.png,2025-07-02 16:13:40.540667+00:00,15,toxic,"{""CO"": 4.51, ""CH4"": 47.05, ""H2S"": 10.73}",2,high
307,MH-0049,sb_002,sb_002,Hyderabad,Division 9 (Kukatpally),Hasmathpet,"{""latitude"": ""17.474095"", ""longitude"": ""78.48919""}",/images/before.png,/images/after.png,2025-07-02 15:55:40.540667+00:00,22,alert,"{""CO"": 4.51, ""CH4"": 47.05, ""H2S"": 10.73}",6,medium
308,MH-0049,sb_003,sb_003,Hyderabad,Division 9 (Kukatpally),Hasmathpet,"{""latitude"": ""17.474095"", ""longitude"": ""78.48919""}",/images/before.png,/images/after.png,2025-07-02 15:29:40.540667+00:00,30,safe,"{""CO"": 0.43, ""CH4"": 59.85, ""H2S"": 12.47}",6,low
309,MH-0049,sb_009,sb_009,Hyderabad,Division 9 (Kukatpally),Hasmathpet,"{""latitude"": ""17.474095"", ""longitude"": ""78.48919""}",/images/before.png,/images/after.png,2025-07-02 15:10:40.540667+00:00,18,toxic,"{""CO"": 2.21, ""CH4"": 15.22, ""H2S"": 1.44}",7,high
310,MH-0049,sb_007,sb_007,Hyderabad,Division 9 (Kukatpally),Hasmathpet,"{""latitude"": ""17.474095"", ""longitude"": ""78.48919""}",/images/before.png,/images/after.png,2025-07-02 14:42:40.540667+00:00,15,toxic,"{""CO"": 2.0, ""CH4"": 94.23, ""H2S"": 15.86}",10,high
311,MH-0050,sb_001,sb_001,Hyderabad,Division 9 (Kukatpally),Hasmathpet,"{""latitude"": ""17.474644"", ""longitude"": ""78.485825""}",/images/before.png,/images/after.png,2025-07-21 16:08:40.540667+00:00,18,alert,"{""CO"": 2.21, ""CH4"": 15.22, ""H2S"": 1.44}",9,medium
312,MH-0050,sb_010,sb_010,Hyderabad,Division 9 (Kukatpally),Hasmathpet,"{""latitude"": ""17.474644"", ""longitude"": ""78.485825""}",/images/before.png,/images/after.png,2025-07-21 15:44:40.540667+00:00,26,alert,"{""CO"": 3.72, ""CH4"": 56.18, ""H2S"": 17.35}",7,medium
313,MH-0050,sb_006,sb_006,Hyderabad,Division 9 (Kukatpally),Hasmathpet,"{""latitude"": ""17.474644"", ""longitude"": ""78.485825""}",/images/before.png,/images/after.png,2025-07-21 15:20:40.540667+00:00,24,toxic,"{""CO"": 3.72, ""CH4"": 56.18, ""H2S"": 17.35}",6,high
314,MH-0050,sb_001,sb_001,Hyderabad,Division 9 (Kukatpally),Hasmathpet,"{""latitude"": ""17.474644"", ""longitude"": ""78.485825""}",/images/before.png,/images/after.png,2025-07-21 14:53:40.540667+00:00,15,alert,"{""CO"": 2.34, ""CH4"": 70.25, ""H2S"": 12.82}",4,medium
315,MH-0050,sb_007,sb_007,Hyderabad,Division 9 (Kukatpally),Hasmathpet,"{""latitude"": ""17.474644"", ""longitude"": ""78.485825""}",/images/before.png,/images/after.png,2025-07-21 14:30:40.540667+00:00,22,toxic,"{""CO"": 0.98, ""CH4"": 63.8, ""H2S"": 14.96}",2,high
316,MH-0050,sb_010,sb_010,Hyderabad,Division 9 (Kukatpally),Hasmathpet,"{""latitude"": ""17.474644"", ""longitude"": ""78.485825""}",/images/before.png,/images/after.png,2025-07-21 14:05:40.540667+00:00,20,toxic,"{""CO"": 4.06, ""CH4"": 97.39, ""H2S"": 3.59}",8,high
317,MH-0050,sb_007,sb_007,Hyderabad,Division 9 (Kukatpally),Hasmathpet,"{""latitude"": ""17.474644"", ""longitude"": ""78.485825""}",/images/before.png,/images/after.png,2025-07-21 13:38:40.540667+00:00,25,alert,"{""CO"": 2.68, ""CH4"": 47.63, ""H2S"": 8.39}",5,medium
318,MH-0050,sb_008,sb_008,Hyderabad,Division 9 (Kukatpally),Hasmathpet,"{""latitude"": ""17.474644"", ""longitude"": ""78.485825""}",/images/before.png,/images/after.png,2025-07-21 13:08:40.540667+00:00,26,safe,"{""CO"": 0.86, ""CH4"": 87.09, ""H2S"": 13.12}",7,low
319,MH-0050,sb_008,sb_008,Hyderabad,Division 9 (Kukatpally),Hasmathpet,"{""latitude"": ""17.474644"", ""longitude"": ""78.485825""}",/images/before.png,/images/after.png,2025-07-21 12:38:40.540667+00:00,26,safe,"{""CO"": 0.98, ""CH4"": 63.8, ""H2S"": 14.96}",8,low
