id,device_id,before_path,after_path,location,timestamp,operation_time_minutes,gas_data,district,division,area,gas_data_raw
1,MH-0001,uploads/MH-0001_before_1751287616_8098.jpg,uploads/MH-0001_after_1751287616_7566.jpg,"17.474456,78.481277",2025-06-30T18:16:56.161294+00:00,19,,Hyderabad,Division 119 (Old Bowenpally),Hasmathnagar,
2,MH-0001,uploads/MH-0001_before_1751286176_4951.jpg,uploads/MH-0001_after_1751286176_2604.jpg,"17.474456,78.481277",2025-06-30T17:52:56.161294+00:00,30,,Hyderabad,Division 119 (Old Bowenpally),Hasmathnagar,
3,MH-0001,uploads/MH-0001_before_1751284976_6454.jpg,uploads/MH-0001_after_1751284976_1965.jpg,"17.474456,78.481277",2025-06-30T17:32:56.161294+00:00,30,"{""CO"": 0.45, ""CH4"": 67.28, ""H2S"": 16.34}",Hyderabad,Division 119 (Old Bowenpally),Hasmathnagar,"{""CO"": 0.45, ""CH4"": 67.28, ""H2S"": 16.34}"
4,MH-0001,uploads/MH-0001_before_1751283176_1353.jpg,uploads/MH-0001_after_1751283176_2995.jpg,"17.474456,78.481277",2025-06-30T17:02:56.161294+00:00,25,,Hyderabad,Division 119 (Old Bowenpally),Hasmathnagar,
5,MH-0001,uploads/MH-0001_before_1751281496_2082.jpg,uploads/MH-0001_after_1751281496_6384.jpg,"17.474456,78.481277",2025-06-30T16:34:56.161294+00:00,23,"{""CO"": 2.25, ""CH4"": 27.09, ""H2S"": 11.64}",Hyderabad,Division 119 (Old Bowenpally),Hasmathnagar,"{""CO"": 2.25, ""CH4"": 27.09, ""H2S"": 11.64}"
6,MH-0001,uploads/MH-0001_before_1751279936_5594.jpg,uploads/MH-0001_after_1751279936_3003.jpg,"17.474456,78.481277",2025-06-30T16:08:56.161294+00:00,29,,Hyderabad,Division 119 (Old Bowenpally),Hasmathnagar,
7,MH-0001,uploads/MH-0001_before_1751278196_1908.jpg,uploads/MH-0001_after_1751278196_6122.jpg,"17.474456,78.481277",2025-06-30T15:39:56.161294+00:00,29,"{""CO"": 3.5, ""CH4"": 61.41, ""H2S"": 19.93}",Hyderabad,Division 119 (Old Bowenpally),Hasmathnagar,"{""CO"": 3.5, ""CH4"": 61.41, ""H2S"": 19.93}"
8,MH-0001,uploads/MH-0001_before_1751277056_8793.jpg,uploads/MH-0001_after_1751277056_3387.jpg,"17.474456,78.481277",2025-06-30T15:20:56.161294+00:00,21,,Hyderabad,Division 119 (Old Bowenpally),Hasmathnagar,
9,MH-0002,uploads/MH-0002_before_1752842336_5885.jpg,uploads/MH-0002_after_1752842336_1490.jpg,"17.475024,78.479775",2025-07-18T18:08:56.161294+00:00,22,"{""CO"": 0.22, ""CH4"": 47.22, ""H2S"": 7.96}",Hyderabad,Division 119 (Old Bowenpally),Hasmathnagar,"{""CO"": 0.22, ""CH4"": 47.22, ""H2S"": 7.96}"
10,MH-0002,uploads/MH-0002_before_1752840896_9030.jpg,uploads/MH-0002_after_1752840896_5734.jpg,"17.475024,78.479775",2025-07-18T17:44:56.161294+00:00,17,"{""CO"": 3.3, ""CH4"": 47.96, ""H2S"": 8.41}",Hyderabad,Division 119 (Old Bowenpally),Hasmathnagar,"{""CO"": 3.3, ""CH4"": 47.96, ""H2S"": 8.41}"
11,MH-0002,uploads/MH-0002_before_1752839996_2122.jpg,uploads/MH-0002_after_1752839996_9555.jpg,"17.475024,78.479775",2025-07-18T17:29:56.161294+00:00,16,"{""CO"": 2.57, ""CH4"": 62.12, ""H2S"": 12.8}",Hyderabad,Division 119 (Old Bowenpally),Hasmathnagar,"{""CO"": 2.57, ""CH4"": 62.12, ""H2S"": 12.8}"
12,MH-0002,uploads/MH-0002_before_1752838256_5746.jpg,uploads/MH-0002_after_1752838256_7387.jpg,"17.475024,78.479775",2025-07-18T17:00:56.161294+00:00,29,"{""CO"": 4.8, ""CH4"": 65.25, ""H2S"": 13.4}",Hyderabad,Division 119 (Old Bowenpally),Hasmathnagar,"{""CO"": 4.8, ""CH4"": 65.25, ""H2S"": 13.4}"
13,MH-0002,uploads/MH-0002_before_1752837176_2789.jpg,uploads/MH-0002_after_1752837176_5097.jpg,"17.475024,78.479775",2025-07-18T16:42:56.161294+00:00,23,,Hyderabad,Division 119 (Old Bowenpally),Hasmathnagar,
14,MH-0002,uploads/MH-0002_before_1752835736_8710.jpg,uploads/MH-0002_after_1752835736_7164.jpg,"17.475024,78.479775",2025-07-18T16:18:56.161294+00:00,16,,Hyderabad,Division 119 (Old Bowenpally),Hasmathnagar,
15,MH-0002,uploads/MH-0002_before_1752833996_9538.jpg,uploads/MH-0002_after_1752833996_4937.jpg,"17.475024,78.479775",2025-07-18T15:49:56.161294+00:00,16,,Hyderabad,Division 119 (Old Bowenpally),Hasmathnagar,
16,MH-0002,uploads/MH-0002_before_1752832496_4194.jpg,uploads/MH-0002_after_1752832496_4089.jpg,"17.475024,78.479775",2025-07-18T15:24:56.161294+00:00,28,"{""CO"": 4.87, ""CH4"": 38.38, ""H2S"": 15.89}",Hyderabad,Division 119 (Old Bowenpally),Hasmathnagar,"{""CO"": 4.87, ""CH4"": 38.38, ""H2S"": 15.89}"
17,MH-0003,uploads/MH-0003_before_1753447376_7122.jpg,uploads/MH-0003_after_1753447376_7344.jpg,"17.476629,78.48439",2025-07-25T18:12:56.161294+00:00,30,,Hyderabad,Division 119 (Old Bowenpally),Hasmathnagar,
18,MH-0003,uploads/MH-0003_before_1753445636_6538.jpg,uploads/MH-0003_after_1753445636_3855.jpg,"17.476629,78.48439",2025-07-25T17:43:56.161294+00:00,30,,Hyderabad,Division 119 (Old Bowenpally),Hasmathnagar,
19,MH-0003,uploads/MH-0003_before_1753444496_6561.jpg,uploads/MH-0003_after_1753444496_7400.jpg,"17.476629,78.48439",2025-07-25T17:24:56.161294+00:00,20,"{""CO"": 4.55, ""CH4"": 65.33, ""H2S"": 18.23}",Hyderabad,Division 119 (Old Bowenpally),Hasmathnagar,"{""CO"": 4.55, ""CH4"": 65.33, ""H2S"": 18.23}"
20,MH-0003,uploads/MH-0003_before_1753442816_3205.jpg,uploads/MH-0003_after_1753442816_2306.jpg,"17.476629,78.48439",2025-07-25T16:56:56.161294+00:00,22,"{""CO"": 0.9, ""CH4"": 20.21, ""H2S"": 13.05}",Hyderabad,Division 119 (Old Bowenpally),Hasmathnagar,"{""CO"": 0.9, ""CH4"": 20.21, ""H2S"": 13.05}"
21,MH-0003,uploads/MH-0003_before_1753441136_6830.jpg,uploads/MH-0003_after_1753441136_2374.jpg,"17.476629,78.48439",2025-07-25T16:28:56.161294+00:00,24,"{""CO"": 3.9, ""CH4"": 4.21, ""H2S"": 3.86}",Hyderabad,Division 119 (Old Bowenpally),Hasmathnagar,"{""CO"": 3.9, ""CH4"": 4.21, ""H2S"": 3.86}"
22,MH-0003,uploads/MH-0003_before_1753439696_4126.jpg,uploads/MH-0003_after_1753439696_7939.jpg,"17.476629,78.48439",2025-07-25T16:04:56.161294+00:00,29,"{""CO"": 0.04, ""CH4"": 6.23, ""H2S"": 2.97}",Hyderabad,Division 119 (Old Bowenpally),Hasmathnagar,"{""CO"": 0.04, ""CH4"": 6.23, ""H2S"": 2.97}"
23,MH-0003,uploads/MH-0003_before_1753438196_5637.jpg,uploads/MH-0003_after_1753438196_5483.jpg,"17.476629,78.48439",2025-07-25T15:39:56.161294+00:00,22,,Hyderabad,Division 119 (Old Bowenpally),Hasmathnagar,
24,MH-0004,uploads/MH-0004_before_1752151316_8068.jpg,uploads/MH-0004_after_1752151316_5608.jpg,"17.473567,78.48085",2025-07-10T18:11:56.161294+00:00,30,"{""CO"": 2.45, ""CH4"": 40.62, ""H2S"": 13.44}",Hyderabad,Division 119 (Old Bowenpally),Hasmathnagar,"{""CO"": 2.45, ""CH4"": 40.62, ""H2S"": 13.44}"
25,MH-0004,uploads/MH-0004_before_1752149576_9454.jpg,uploads/MH-0004_after_1752149576_2224.jpg,"17.473567,78.48085",2025-07-10T17:42:56.161294+00:00,26,,Hyderabad,Division 119 (Old Bowenpally),Hasmathnagar,
26,MH-0004,uploads/MH-0004_before_1752148316_9848.jpg,uploads/MH-0004_after_1752148316_4131.jpg,"17.473567,78.48085",2025-07-10T17:21:56.161294+00:00,26,"{""CO"": 1.33, ""CH4"": 51.93, ""H2S"": 1.8}",Hyderabad,Division 119 (Old Bowenpally),Hasmathnagar,"{""CO"": 1.33, ""CH4"": 51.93, ""H2S"": 1.8}"
27,MH-0005,uploads/MH-0005_before_1752151136_5074.jpg,uploads/MH-0005_after_1752151136_9773.jpg,"17.472427,78.482286",2025-07-10T18:08:56.161294+00:00,24,"{""CO"": 3.08, ""CH4"": 58.7, ""H2S"": 2.67}",Hyderabad,Division 119 (Old Bowenpally),Hasmathnagar,"{""CO"": 3.08, ""CH4"": 58.7, ""H2S"": 2.67}"
28,MH-0005,uploads/MH-0005_before_1752149636_3564.jpg,uploads/MH-0005_after_1752149636_8887.jpg,"17.472427,78.482286",2025-07-10T17:43:56.161294+00:00,17,,Hyderabad,Division 119 (Old Bowenpally),Hasmathnagar,
29,MH-0005,uploads/MH-0005_before_1752148436_9640.jpg,uploads/MH-0005_after_1752148436_1184.jpg,"17.472427,78.482286",2025-07-10T17:23:56.161294+00:00,28,"{""CO"": 2.37, ""CH4"": 13.01, ""H2S"": 14.09}",Hyderabad,Division 119 (Old Bowenpally),Hasmathnagar,"{""CO"": 2.37, ""CH4"": 13.01, ""H2S"": 14.09}"
30,MH-0005,uploads/MH-0005_before_1752147236_3560.jpg,uploads/MH-0005_after_1752147236_1595.jpg,"17.472427,78.482286",2025-07-10T17:03:56.161294+00:00,20,,Hyderabad,Division 119 (Old Bowenpally),Hasmathnagar,
31,MH-0006,uploads/MH-0006_before_1753619996_8179.jpg,uploads/MH-0006_after_1753619996_8532.jpg,"17.474289,78.479921",2025-07-27T18:09:56.161294+00:00,15,"{""CO"": 0.9, ""CH4"": 12.39, ""H2S"": 9.55}",Hyderabad,Division 119 (Old Bowenpally),Hasmathnagar,"{""CO"": 0.9, ""CH4"": 12.39, ""H2S"": 9.55}"
32,MH-0006,uploads/MH-0006_before_1753618196_9685.jpg,uploads/MH-0006_after_1753618196_6169.jpg,"17.474289,78.479921",2025-07-27T17:39:56.161294+00:00,19,,Hyderabad,Division 119 (Old Bowenpally),Hasmathnagar,
33,MH-0006,uploads/MH-0006_before_1753616876_4077.jpg,uploads/MH-0006_after_1753616876_7491.jpg,"17.474289,78.479921",2025-07-27T17:17:56.161294+00:00,25,"{""CO"": 3.54, ""CH4"": 62.25, ""H2S"": 19.39}",Hyderabad,Division 119 (Old Bowenpally),Hasmathnagar,"{""CO"": 3.54, ""CH4"": 62.25, ""H2S"": 19.39}"
34,MH-0006,uploads/MH-0006_before_1753615796_9435.jpg,uploads/MH-0006_after_1753615796_7853.jpg,"17.474289,78.479921",2025-07-27T16:59:56.161294+00:00,18,"{""CO"": 4.06, ""CH4"": 75.68, ""H2S"": 8.06}",Hyderabad,Division 119 (Old Bowenpally),Hasmathnagar,"{""CO"": 4.06, ""CH4"": 75.68, ""H2S"": 8.06}"
35,MH-0006,uploads/MH-0006_before_1753614536_3506.jpg,uploads/MH-0006_after_1753614536_6766.jpg,"17.474289,78.479921",2025-07-27T16:38:56.161294+00:00,23,,Hyderabad,Division 119 (Old Bowenpally),Hasmathnagar,
36,MH-0006,uploads/MH-0006_before_1753613036_1511.jpg,uploads/MH-0006_after_1753613036_6580.jpg,"17.474289,78.479921",2025-07-27T16:13:56.161294+00:00,30,"{""CO"": 0.88, ""CH4"": 94.39, ""H2S"": 0.54}",Hyderabad,Division 119 (Old Bowenpally),Hasmathnagar,"{""CO"": 0.88, ""CH4"": 94.39, ""H2S"": 0.54}"
37,MH-0007,uploads/MH-0007_before_1753533536_8847.jpg,uploads/MH-0007_after_1753533536_7588.jpg,"17.47109,78.483148",2025-07-26T18:08:56.161294+00:00,28,"{""CO"": 0.14, ""CH4"": 18.33, ""H2S"": 1.75}",Hyderabad,Division 119 (Old Bowenpally),Hasmathnagar,"{""CO"": 0.14, ""CH4"": 18.33, ""H2S"": 1.75}"
38,MH-0007,uploads/MH-0007_before_1753531796_3137.jpg,uploads/MH-0007_after_1753531796_7540.jpg,"17.47109,78.483148",2025-07-26T17:39:56.161294+00:00,27,"{""CO"": 4.57, ""CH4"": 24.83, ""H2S"": 18.4}",Hyderabad,Division 119 (Old Bowenpally),Hasmathnagar,"{""CO"": 4.57, ""CH4"": 24.83, ""H2S"": 18.4}"
39,MH-0007,uploads/MH-0007_before_1753530716_6254.jpg,uploads/MH-0007_after_1753530716_2059.jpg,"17.47109,78.483148",2025-07-26T17:21:56.161294+00:00,26,,Hyderabad,Division 119 (Old Bowenpally),Hasmathnagar,
40,MH-0007,uploads/MH-0007_before_1753528976_9684.jpg,uploads/MH-0007_after_1753528976_4586.jpg,"17.47109,78.483148",2025-07-26T16:52:56.161294+00:00,27,"{""CO"": 3.37, ""CH4"": 12.13, ""H2S"": 11.8}",Hyderabad,Division 119 (Old Bowenpally),Hasmathnagar,"{""CO"": 3.37, ""CH4"": 12.13, ""H2S"": 11.8}"
41,MH-0007,uploads/MH-0007_before_1753527536_8302.jpg,uploads/MH-0007_after_1753527536_9130.jpg,"17.47109,78.483148",2025-07-26T16:28:56.161294+00:00,22,"{""CO"": 2.35, ""CH4"": 90.76, ""H2S"": 16.15}",Hyderabad,Division 119 (Old Bowenpally),Hasmathnagar,"{""CO"": 2.35, ""CH4"": 90.76, ""H2S"": 16.15}"
42,MH-0008,uploads/MH-0008_before_1752237716_6570.jpg,uploads/MH-0008_after_1752237716_5835.jpg,"17.471325,78.478322",2025-07-11T18:11:56.161294+00:00,16,"{""CO"": 1.58, ""CH4"": 95.02, ""H2S"": 16.96}",Hyderabad,Division 119 (Old Bowenpally),Hasmathnagar,"{""CO"": 1.58, ""CH4"": 95.02, ""H2S"": 16.96}"
43,MH-0008,uploads/MH-0008_before_1752236456_5503.jpg,uploads/MH-0008_after_1752236456_2492.jpg,"17.471325,78.478322",2025-07-11T17:50:56.161294+00:00,25,,Hyderabad,Division 119 (Old Bowenpally),Hasmathnagar,
44,MH-0008,uploads/MH-0008_before_1752235496_1299.jpg,uploads/MH-0008_after_1752235496_1161.jpg,"17.471325,78.478322",2025-07-11T17:34:56.161294+00:00,17,"{""CO"": 2.46, ""CH4"": 74.33, ""H2S"": 11.35}",Hyderabad,Division 119 (Old Bowenpally),Hasmathnagar,"{""CO"": 2.46, ""CH4"": 74.33, ""H2S"": 11.35}"
45,MH-0008,uploads/MH-0008_before_1752233756_5068.jpg,uploads/MH-0008_after_1752233756_3080.jpg,"17.471325,78.478322",2025-07-11T17:05:56.161294+00:00,22,"{""CO"": 1.28, ""CH4"": 32.33, ""H2S"": 16.83}",Hyderabad,Division 119 (Old Bowenpally),Hasmathnagar,"{""CO"": 1.28, ""CH4"": 32.33, ""H2S"": 16.83}"
46,MH-0008,uploads/MH-0008_before_1752232796_4180.jpg,uploads/MH-0008_after_1752232796_1472.jpg,"17.471325,78.478322",2025-07-11T16:49:56.161294+00:00,29,"{""CO"": 1.32, ""CH4"": 96.9, ""H2S"": 4.88}",Hyderabad,Division 119 (Old Bowenpally),Hasmathnagar,"{""CO"": 1.32, ""CH4"": 96.9, ""H2S"": 4.88}"
47,MH-0008,uploads/MH-0008_before_1752231236_8892.jpg,uploads/MH-0008_after_1752231236_8883.jpg,"17.471325,78.478322",2025-07-11T16:23:56.161294+00:00,26,"{""CO"": 0.29, ""CH4"": 32.84, ""H2S"": 8.11}",Hyderabad,Division 119 (Old Bowenpally),Hasmathnagar,"{""CO"": 0.29, ""CH4"": 32.84, ""H2S"": 8.11}"
48,MH-0008,uploads/MH-0008_before_1752229976_1509.jpg,uploads/MH-0008_after_1752229976_3752.jpg,"17.471325,78.478322",2025-07-11T16:02:56.161294+00:00,29,"{""CO"": 3.44, ""CH4"": 95.82, ""H2S"": 18.45}",Hyderabad,Division 119 (Old Bowenpally),Hasmathnagar,"{""CO"": 3.44, ""CH4"": 95.82, ""H2S"": 18.45}"
49,MH-0008,uploads/MH-0008_before_1752229016_8539.jpg,uploads/MH-0008_after_1752229016_8214.jpg,"17.471325,78.478322",2025-07-11T15:46:56.161294+00:00,18,"{""CO"": 0.9, ""CH4"": 37.18, ""H2S"": 0.98}",Hyderabad,Division 119 (Old Bowenpally),Hasmathnagar,"{""CO"": 0.9, ""CH4"": 37.18, ""H2S"": 0.98}"
50,MH-0008,uploads/MH-0008_before_1752228116_7534.jpg,uploads/MH-0008_after_1752228116_6104.jpg,"17.471325,78.478322",2025-07-11T15:31:56.161294+00:00,17,"{""CO"": 3.5, ""CH4"": 66.35, ""H2S"": 5.02}",Hyderabad,Division 119 (Old Bowenpally),Hasmathnagar,"{""CO"": 3.5, ""CH4"": 66.35, ""H2S"": 5.02}"
51,MH-0009,uploads/MH-0009_before_1752064676_4354.jpg,uploads/MH-0009_after_1752064676_6118.jpg,"17.470727,78.483388",2025-07-09T18:07:56.161294+00:00,16,"{""CO"": 2.13, ""CH4"": 7.93, ""H2S"": 15.05}",Hyderabad,Division 119 (Old Bowenpally),Hasmathnagar,"{""CO"": 2.13, ""CH4"": 7.93, ""H2S"": 15.05}"
52,MH-0009,uploads/MH-0009_before_1752063176_5365.jpg,uploads/MH-0009_after_1752063176_8047.jpg,"17.470727,78.483388",2025-07-09T17:42:56.161294+00:00,24,,Hyderabad,Division 119 (Old Bowenpally),Hasmathnagar,
53,MH-0009,uploads/MH-0009_before_1752061676_7849.jpg,uploads/MH-0009_after_1752061676_6940.jpg,"17.470727,78.483388",2025-07-09T17:17:56.161294+00:00,30,"{""CO"": 1.09, ""CH4"": 75.45, ""H2S"": 16.63}",Hyderabad,Division 119 (Old Bowenpally),Hasmathnagar,"{""CO"": 1.09, ""CH4"": 75.45, ""H2S"": 16.63}"
54,MH-0009,uploads/MH-0009_before_1752060476_9276.jpg,uploads/MH-0009_after_1752060476_1964.jpg,"17.470727,78.483388",2025-07-09T16:57:56.161294+00:00,29,"{""CO"": 0.39, ""CH4"": 56.43, ""H2S"": 6.13}",Hyderabad,Division 119 (Old Bowenpally),Hasmathnagar,"{""CO"": 0.39, ""CH4"": 56.43, ""H2S"": 6.13}"
55,MH-0009,uploads/MH-0009_before_1752059216_9978.jpg,uploads/MH-0009_after_1752059216_7121.jpg,"17.470727,78.483388",2025-07-09T16:36:56.161294+00:00,29,,Hyderabad,Division 119 (Old Bowenpally),Hasmathnagar,
56,MH-0009,uploads/MH-0009_before_1752058136_2584.jpg,uploads/MH-0009_after_1752058136_2556.jpg,"17.470727,78.483388",2025-07-09T16:18:56.161294+00:00,19,"{""CO"": 2.15, ""CH4"": 69.47, ""H2S"": 11.94}",Hyderabad,Division 119 (Old Bowenpally),Hasmathnagar,"{""CO"": 2.15, ""CH4"": 69.47, ""H2S"": 11.94}"
57,MH-0009,uploads/MH-0009_before_1752056936_5199.jpg,uploads/MH-0009_after_1752056936_2420.jpg,"17.470727,78.483388",2025-07-09T15:58:56.161294+00:00,15,,Hyderabad,Division 119 (Old Bowenpally),Hasmathnagar,
58,MH-0010,uploads/MH-0010_before_1753101896_7061.jpg,uploads/MH-0010_after_1753101896_1492.jpg,"17.474629,78.483763",2025-07-21T18:14:56.161294+00:00,20,,Hyderabad,Division 119 (Old Bowenpally),Hasmathnagar,
59,MH-0010,uploads/MH-0010_before_1753100096_6984.jpg,uploads/MH-0010_after_1753100096_4861.jpg,"17.474629,78.483763",2025-07-21T17:44:56.161294+00:00,26,"{""CO"": 1.06, ""CH4"": 53.81, ""H2S"": 7.2}",Hyderabad,Division 119 (Old Bowenpally),Hasmathnagar,"{""CO"": 1.06, ""CH4"": 53.81, ""H2S"": 7.2}"
60,MH-0010,uploads/MH-0010_before_1753099136_4712.jpg,uploads/MH-0010_after_1753099136_9306.jpg,"17.474629,78.483763",2025-07-21T17:28:56.161294+00:00,17,"{""CO"": 1.64, ""CH4"": 31.09, ""H2S"": 13.12}",Hyderabad,Division 119 (Old Bowenpally),Hasmathnagar,"{""CO"": 1.64, ""CH4"": 31.09, ""H2S"": 13.12}"
61,MH-0010,uploads/MH-0010_before_1753097696_8074.jpg,uploads/MH-0010_after_1753097696_8884.jpg,"17.474629,78.483763",2025-07-21T17:04:56.161294+00:00,28,"{""CO"": 2.27, ""CH4"": 4.46, ""H2S"": 16.71}",Hyderabad,Division 119 (Old Bowenpally),Hasmathnagar,"{""CO"": 2.27, ""CH4"": 4.46, ""H2S"": 16.71}"
62,MH-0010,uploads/MH-0010_before_1753096196_2107.jpg,uploads/MH-0010_after_1753096196_7293.jpg,"17.474629,78.483763",2025-07-21T16:39:56.161294+00:00,15,"{""CO"": 0.28, ""CH4"": 33.23, ""H2S"": 16.66}",Hyderabad,Division 119 (Old Bowenpally),Hasmathnagar,"{""CO"": 0.28, ""CH4"": 33.23, ""H2S"": 16.66}"
63,MH-0011,uploads/MH-0011_before_1751718896_1404.jpg,uploads/MH-0011_after_1751718896_7534.jpg,"17.476411,78.480671",2025-07-05T18:04:56.161294+00:00,22,"{""CO"": 1.96, ""CH4"": 6.53, ""H2S"": 12.38}",Hyderabad,Division 119 (Old Bowenpally),Hasmathnagar,"{""CO"": 1.96, ""CH4"": 6.53, ""H2S"": 12.38}"
64,MH-0011,uploads/MH-0011_before_1751717156_1313.jpg,uploads/MH-0011_after_1751717156_3116.jpg,"17.476411,78.480671",2025-07-05T17:35:56.161294+00:00,24,"{""CO"": 0.56, ""CH4"": 22.62, ""H2S"": 10.47}",Hyderabad,Division 119 (Old Bowenpally),Hasmathnagar,"{""CO"": 0.56, ""CH4"": 22.62, ""H2S"": 10.47}"
65,MH-0011,uploads/MH-0011_before_1751716076_5085.jpg,uploads/MH-0011_after_1751716076_9719.jpg,"17.476411,78.480671",2025-07-05T17:17:56.161294+00:00,30,,Hyderabad,Division 119 (Old Bowenpally),Hasmathnagar,
66,MH-0011,uploads/MH-0011_before_1751714456_8024.jpg,uploads/MH-0011_after_1751714456_8055.jpg,"17.476411,78.480671",2025-07-05T16:50:56.161294+00:00,26,"{""CO"": 0.97, ""CH4"": 40.15, ""H2S"": 8.81}",Hyderabad,Division 119 (Old Bowenpally),Hasmathnagar,"{""CO"": 0.97, ""CH4"": 40.15, ""H2S"": 8.81}"
67,MH-0011,uploads/MH-0011_before_1751713136_4423.jpg,uploads/MH-0011_after_1751713136_9163.jpg,"17.476411,78.480671",2025-07-05T16:28:56.161294+00:00,29,"{""CO"": 2.24, ""CH4"": 16.6, ""H2S"": 9.93}",Hyderabad,Division 119 (Old Bowenpally),Hasmathnagar,"{""CO"": 2.24, ""CH4"": 16.6, ""H2S"": 9.93}"
68,MH-0011,uploads/MH-0011_before_1751711696_2475.jpg,uploads/MH-0011_after_1751711696_1389.jpg,"17.476411,78.480671",2025-07-05T16:04:56.161294+00:00,25,"{""CO"": 4.96, ""CH4"": 61.54, ""H2S"": 2.01}",Hyderabad,Division 119 (Old Bowenpally),Hasmathnagar,"{""CO"": 4.96, ""CH4"": 61.54, ""H2S"": 2.01}"
69,MH-0011,uploads/MH-0011_before_1751710616_2424.jpg,uploads/MH-0011_after_1751710616_4524.jpg,"17.476411,78.480671",2025-07-05T15:46:56.161294+00:00,22,"{""CO"": 3.58, ""CH4"": 60.32, ""H2S"": 18.22}",Hyderabad,Division 119 (Old Bowenpally),Hasmathnagar,"{""CO"": 3.58, ""CH4"": 60.32, ""H2S"": 18.22}"
70,MH-0011,uploads/MH-0011_before_1751709056_8813.jpg,uploads/MH-0011_after_1751709056_6543.jpg,"17.476411,78.480671",2025-07-05T15:20:56.161294+00:00,15,,Hyderabad,Division 119 (Old Bowenpally),Hasmathnagar,
71,MH-0011,uploads/MH-0011_before_1751708096_3205.jpg,uploads/MH-0011_after_1751708096_2250.jpg,"17.476411,78.480671",2025-07-05T15:04:56.161294+00:00,17,"{""CO"": 2.24, ""CH4"": 22.04, ""H2S"": 11.19}",Hyderabad,Division 119 (Old Bowenpally),Hasmathnagar,"{""CO"": 2.24, ""CH4"": 22.04, ""H2S"": 11.19}"
72,MH-0012,uploads/MH-0012_before_1753792856_2718.jpg,uploads/MH-0012_after_1753792856_1679.jpg,"17.474507,78.483745",2025-07-29T18:10:56.161294+00:00,24,,Hyderabad,Division 119 (Old Bowenpally),Hasmathnagar,
73,MH-0012,uploads/MH-0012_before_1753791476_5387.jpg,uploads/MH-0012_after_1753791476_7402.jpg,"17.474507,78.483745",2025-07-29T17:47:56.161294+00:00,16,"{""CO"": 1.28, ""CH4"": 11.62, ""H2S"": 4.71}",Hyderabad,Division 119 (Old Bowenpally),Hasmathnagar,"{""CO"": 1.28, ""CH4"": 11.62, ""H2S"": 4.71}"
74,MH-0012,uploads/MH-0012_before_1753790336_6921.jpg,uploads/MH-0012_after_1753790336_9958.jpg,"17.474507,78.483745",2025-07-29T17:28:56.161294+00:00,15,"{""CO"": 2.69, ""CH4"": 42.07, ""H2S"": 4.37}",Hyderabad,Division 119 (Old Bowenpally),Hasmathnagar,"{""CO"": 2.69, ""CH4"": 42.07, ""H2S"": 4.37}"
75,MH-0012,uploads/MH-0012_before_1753789376_9178.jpg,uploads/MH-0012_after_1753789376_8481.jpg,"17.474507,78.483745",2025-07-29T17:12:56.161294+00:00,26,"{""CO"": 0.13, ""CH4"": 73.25, ""H2S"": 0.49}",Hyderabad,Division 119 (Old Bowenpally),Hasmathnagar,"{""CO"": 0.13, ""CH4"": 73.25, ""H2S"": 0.49}"
76,MH-0012,uploads/MH-0012_before_1753787996_7201.jpg,uploads/MH-0012_after_1753787996_1481.jpg,"17.474507,78.483745",2025-07-29T16:49:56.161294+00:00,27,"{""CO"": 4.65, ""CH4"": 67.85, ""H2S"": 6.54}",Hyderabad,Division 119 (Old Bowenpally),Hasmathnagar,"{""CO"": 4.65, ""CH4"": 67.85, ""H2S"": 6.54}"
77,MH-0012,uploads/MH-0012_before_1753786976_2858.jpg,uploads/MH-0012_after_1753786976_6125.jpg,"17.474507,78.483745",2025-07-29T16:32:56.161294+00:00,15,,Hyderabad,Division 119 (Old Bowenpally),Hasmathnagar,
78,MH-0012,uploads/MH-0012_before_1753785896_7327.jpg,uploads/MH-0012_after_1753785896_3283.jpg,"17.474507,78.483745",2025-07-29T16:14:56.161294+00:00,23,,Hyderabad,Division 119 (Old Bowenpally),Hasmathnagar,
79,MH-0013,uploads/MH-0013_before_1751632496_5567.jpg,uploads/MH-0013_after_1751632496_6214.jpg,"17.474681,78.482284",2025-07-04T18:04:56.161294+00:00,29,,Hyderabad,Division 119 (Old Bowenpally),Hasmathnagar,
80,MH-0013,uploads/MH-0013_before_1751630756_5656.jpg,uploads/MH-0013_after_1751630756_1047.jpg,"17.474681,78.482284",2025-07-04T17:35:56.161294+00:00,23,"{""CO"": 2.99, ""CH4"": 1.1, ""H2S"": 4.26}",Hyderabad,Division 119 (Old Bowenpally),Hasmathnagar,"{""CO"": 2.99, ""CH4"": 1.1, ""H2S"": 4.26}"
81,MH-0013,uploads/MH-0013_before_1751629676_8922.jpg,uploads/MH-0013_after_1751629676_6227.jpg,"17.474681,78.482284",2025-07-04T17:17:56.161294+00:00,16,"{""CO"": 3.51, ""CH4"": 62.75, ""H2S"": 14.88}",Hyderabad,Division 119 (Old Bowenpally),Hasmathnagar,"{""CO"": 3.51, ""CH4"": 62.75, ""H2S"": 14.88}"
82,MH-0013,uploads/MH-0013_before_1751627876_6112.jpg,uploads/MH-0013_after_1751627876_6689.jpg,"17.474681,78.482284",2025-07-04T16:47:56.161294+00:00,15,"{""CO"": 4.8, ""CH4"": 92.99, ""H2S"": 3.16}",Hyderabad,Division 119 (Old Bowenpally),Hasmathnagar,"{""CO"": 4.8, ""CH4"": 92.99, ""H2S"": 3.16}"
83,MH-0013,uploads/MH-0013_before_1751626676_4344.jpg,uploads/MH-0013_after_1751626676_9740.jpg,"17.474681,78.482284",2025-07-04T16:27:56.161294+00:00,19,"{""CO"": 2.74, ""CH4"": 70.65, ""H2S"": 16.96}",Hyderabad,Division 119 (Old Bowenpally),Hasmathnagar,"{""CO"": 2.74, ""CH4"": 70.65, ""H2S"": 16.96}"
84,MH-0013,uploads/MH-0013_before_1751625776_8244.jpg,uploads/MH-0013_after_1751625776_6241.jpg,"17.474681,78.482284",2025-07-04T16:12:56.161294+00:00,24,,Hyderabad,Division 119 (Old Bowenpally),Hasmathnagar,
85,MH-0013,uploads/MH-0013_before_1751624336_5183.jpg,uploads/MH-0013_after_1751624336_5752.jpg,"17.474681,78.482284",2025-07-04T15:48:56.161294+00:00,18,,Hyderabad,Division 119 (Old Bowenpally),Hasmathnagar,
86,MH-0013,uploads/MH-0013_before_1751623076_6170.jpg,uploads/MH-0013_after_1751623076_8668.jpg,"17.474681,78.482284",2025-07-04T15:27:56.161294+00:00,23,"{""CO"": 4.78, ""CH4"": 91.79, ""H2S"": 17.64}",Hyderabad,Division 119 (Old Bowenpally),Hasmathnagar,"{""CO"": 4.78, ""CH4"": 91.79, ""H2S"": 17.64}"
87,MH-0013,uploads/MH-0013_before_1751621876_6227.jpg,uploads/MH-0013_after_1751621876_5131.jpg,"17.474681,78.482284",2025-07-04T15:07:56.161294+00:00,17,"{""CO"": 3.92, ""CH4"": 11.37, ""H2S"": 19.38}",Hyderabad,Division 119 (Old Bowenpally),Hasmathnagar,"{""CO"": 3.92, ""CH4"": 11.37, ""H2S"": 19.38}"
88,MH-0014,uploads/MH-0014_before_1753706036_3055.jpg,uploads/MH-0014_after_1753706036_1082.jpg,"17.471251,78.481316",2025-07-28T18:03:56.161294+00:00,17,"{""CO"": 3.81, ""CH4"": 12.28, ""H2S"": 2.23}",Hyderabad,Division 119 (Old Bowenpally),Hasmathnagar,"{""CO"": 3.81, ""CH4"": 12.28, ""H2S"": 2.23}"
89,MH-0014,uploads/MH-0014_before_1753704416_8445.jpg,uploads/MH-0014_after_1753704416_7292.jpg,"17.471251,78.481316",2025-07-28T17:36:56.161294+00:00,16,"{""CO"": 0.98, ""CH4"": 50.59, ""H2S"": 9.53}",Hyderabad,Division 119 (Old Bowenpally),Hasmathnagar,"{""CO"": 0.98, ""CH4"": 50.59, ""H2S"": 9.53}"
90,MH-0014,uploads/MH-0014_before_1753702916_6260.jpg,uploads/MH-0014_after_1753702916_9162.jpg,"17.471251,78.481316",2025-07-28T17:11:56.161294+00:00,18,"{""CO"": 4.2, ""CH4"": 97.3, ""H2S"": 2.07}",Hyderabad,Division 119 (Old Bowenpally),Hasmathnagar,"{""CO"": 4.2, ""CH4"": 97.3, ""H2S"": 2.07}"
91,MH-0014,uploads/MH-0014_before_1753701176_4193.jpg,uploads/MH-0014_after_1753701176_1937.jpg,"17.471251,78.481316",2025-07-28T16:42:56.161294+00:00,17,"{""CO"": 4.82, ""CH4"": 32.34, ""H2S"": 12.66}",Hyderabad,Division 119 (Old Bowenpally),Hasmathnagar,"{""CO"": 4.82, ""CH4"": 32.34, ""H2S"": 12.66}"
92,MH-0014,uploads/MH-0014_before_1753700156_9191.jpg,uploads/MH-0014_after_1753700156_6137.jpg,"17.471251,78.481316",2025-07-28T16:25:56.161294+00:00,25,"{""CO"": 1.02, ""CH4"": 74.91, ""H2S"": 13.23}",Hyderabad,Division 119 (Old Bowenpally),Hasmathnagar,"{""CO"": 1.02, ""CH4"": 74.91, ""H2S"": 13.23}"
93,MH-0014,uploads/MH-0014_before_1753698476_3481.jpg,uploads/MH-0014_after_1753698476_9180.jpg,"17.471251,78.481316",2025-07-28T15:57:56.161294+00:00,16,"{""CO"": 0.57, ""CH4"": 29.18, ""H2S"": 15.88}",Hyderabad,Division 119 (Old Bowenpally),Hasmathnagar,"{""CO"": 0.57, ""CH4"": 29.18, ""H2S"": 15.88}"
94,MH-0015,uploads/MH-0015_before_1752410036_7754.jpg,uploads/MH-0015_after_1752410036_7836.jpg,"17.471203,78.48042",2025-07-13T18:03:56.161294+00:00,19,,Hyderabad,Division 119 (Old Bowenpally),Hasmathnagar,
95,MH-0015,uploads/MH-0015_before_1752408776_7539.jpg,uploads/MH-0015_after_1752408776_1158.jpg,"17.471203,78.48042",2025-07-13T17:42:56.161294+00:00,27,"{""CO"": 0.56, ""CH4"": 5.39, ""H2S"": 18.25}",Hyderabad,Division 119 (Old Bowenpally),Hasmathnagar,"{""CO"": 0.56, ""CH4"": 5.39, ""H2S"": 18.25}"
96,MH-0015,uploads/MH-0015_before_1752407516_7788.jpg,uploads/MH-0015_after_1752407516_1858.jpg,"17.471203,78.48042",2025-07-13T17:21:56.161294+00:00,25,"{""CO"": 2.46, ""CH4"": 18.88, ""H2S"": 11.37}",Hyderabad,Division 119 (Old Bowenpally),Hasmathnagar,"{""CO"": 2.46, ""CH4"": 18.88, ""H2S"": 11.37}"
97,MH-0015,uploads/MH-0015_before_1752406436_2794.jpg,uploads/MH-0015_after_1752406436_9941.jpg,"17.471203,78.48042",2025-07-13T17:03:56.161294+00:00,21,,Hyderabad,Division 119 (Old Bowenpally),Hasmathnagar,
98,MH-0015,uploads/MH-0015_before_1752404636_7762.jpg,uploads/MH-0015_after_1752404636_3821.jpg,"17.471203,78.48042",2025-07-13T16:33:56.161294+00:00,23,"{""CO"": 4.0, ""CH4"": 16.96, ""H2S"": 17.0}",Hyderabad,Division 119 (Old Bowenpally),Hasmathnagar,"{""CO"": 4.0, ""CH4"": 16.96, ""H2S"": 17.0}"
99,MH-0016,uploads/MH-0016_before_1753274936_7126.jpg,uploads/MH-0016_after_1753274936_5562.jpg,"17.470257,78.479391",2025-07-23T18:18:56.161294+00:00,22,"{""CO"": 4.91, ""CH4"": 40.52, ""H2S"": 6.59}",Hyderabad,Division 119 (Old Bowenpally),Hasmathnagar,"{""CO"": 4.91, ""CH4"": 40.52, ""H2S"": 6.59}"
100,MH-0016,uploads/MH-0016_before_1753273496_8558.jpg,uploads/MH-0016_after_1753273496_8539.jpg,"17.470257,78.479391",2025-07-23T17:54:56.161294+00:00,29,"{""CO"": 2.92, ""CH4"": 7.84, ""H2S"": 1.14}",Hyderabad,Division 119 (Old Bowenpally),Hasmathnagar,"{""CO"": 2.92, ""CH4"": 7.84, ""H2S"": 1.14}"
101,MH-0016,uploads/MH-0016_before_1753272356_1397.jpg,uploads/MH-0016_after_1753272356_6124.jpg,"17.470257,78.479391",2025-07-23T17:35:56.161294+00:00,27,"{""CO"": 4.1, ""CH4"": 2.98, ""H2S"": 11.08}",Hyderabad,Division 119 (Old Bowenpally),Hasmathnagar,"{""CO"": 4.1, ""CH4"": 2.98, ""H2S"": 11.08}"
102,MH-0016,uploads/MH-0016_before_1753271036_4291.jpg,uploads/MH-0016_after_1753271036_6447.jpg,"17.470257,78.479391",2025-07-23T17:13:56.161294+00:00,25,,Hyderabad,Division 119 (Old Bowenpally),Hasmathnagar,
103,MH-0017,uploads/MH-0017_before_1753361276_7701.jpg,uploads/MH-0017_after_1753361276_1863.jpg,"17.470013,78.482479",2025-07-24T18:17:56.161294+00:00,26,"{""CO"": 3.04, ""CH4"": 39.33, ""H2S"": 14.95}",Hyderabad,Division 119 (Old Bowenpally),Hasmathnagar,"{""CO"": 3.04, ""CH4"": 39.33, ""H2S"": 14.95}"
104,MH-0017,uploads/MH-0017_before_1753359956_4185.jpg,uploads/MH-0017_after_1753359956_5803.jpg,"17.470013,78.482479",2025-07-24T17:55:56.161294+00:00,25,"{""CO"": 1.82, ""CH4"": 1.76, ""H2S"": 4.12}",Hyderabad,Division 119 (Old Bowenpally),Hasmathnagar,"{""CO"": 1.82, ""CH4"": 1.76, ""H2S"": 4.12}"
105,MH-0017,uploads/MH-0017_before_1753358276_6109.jpg,uploads/MH-0017_after_1753358276_8044.jpg,"17.470013,78.482479",2025-07-24T17:27:56.161294+00:00,25,"{""CO"": 1.95, ""CH4"": 70.81, ""H2S"": 2.43}",Hyderabad,Division 119 (Old Bowenpally),Hasmathnagar,"{""CO"": 1.95, ""CH4"": 70.81, ""H2S"": 2.43}"
106,MH-0017,uploads/MH-0017_before_1753357376_6115.jpg,uploads/MH-0017_after_1753357376_6971.jpg,"17.470013,78.482479",2025-07-24T17:12:56.161294+00:00,21,"{""CO"": 3.55, ""CH4"": 84.59, ""H2S"": 3.59}",Hyderabad,Division 119 (Old Bowenpally),Hasmathnagar,"{""CO"": 3.55, ""CH4"": 84.59, ""H2S"": 3.59}"
107,MH-0017,uploads/MH-0017_before_1753356296_8291.jpg,uploads/MH-0017_after_1753356296_2260.jpg,"17.470013,78.482479",2025-07-24T16:54:56.161294+00:00,26,"{""CO"": 4.99, ""CH4"": 94.42, ""H2S"": 16.17}",Hyderabad,Division 119 (Old Bowenpally),Hasmathnagar,"{""CO"": 4.99, ""CH4"": 94.42, ""H2S"": 16.17}"
108,MH-0017,uploads/MH-0017_before_1753355096_7121.jpg,uploads/MH-0017_after_1753355096_2413.jpg,"17.470013,78.482479",2025-07-24T16:34:56.161294+00:00,27,,Hyderabad,Division 119 (Old Bowenpally),Hasmathnagar,
109,MH-0017,uploads/MH-0017_before_1753353716_1857.jpg,uploads/MH-0017_after_1753353716_3628.jpg,"17.470013,78.482479",2025-07-24T16:11:56.161294+00:00,30,,Hyderabad,Division 119 (Old Bowenpally),Hasmathnagar,
110,MH-0018,uploads/MH-0018_before_1753620056_4746.jpg,uploads/MH-0018_after_1753620056_3901.jpg,"17.472521,78.484918",2025-07-27T18:10:56.161294+00:00,18,,Hyderabad,Division 119 (Old Bowenpally),Hasmathnagar,
111,MH-0018,uploads/MH-0018_before_1753618556_6178.jpg,uploads/MH-0018_after_1753618556_1929.jpg,"17.472521,78.484918",2025-07-27T17:45:56.161294+00:00,27,"{""CO"": 1.63, ""CH4"": 36.66, ""H2S"": 13.59}",Hyderabad,Division 119 (Old Bowenpally),Hasmathnagar,"{""CO"": 1.63, ""CH4"": 36.66, ""H2S"": 13.59}"
112,MH-0018,uploads/MH-0018_before_1753616936_7574.jpg,uploads/MH-0018_after_1753616936_1483.jpg,"17.472521,78.484918",2025-07-27T17:18:56.161294+00:00,21,"{""CO"": 0.41, ""CH4"": 76.41, ""H2S"": 18.01}",Hyderabad,Division 119 (Old Bowenpally),Hasmathnagar,"{""CO"": 0.41, ""CH4"": 76.41, ""H2S"": 18.01}"
113,MH-0018,uploads/MH-0018_before_1753615736_3037.jpg,uploads/MH-0018_after_1753615736_5474.jpg,"17.472521,78.484918",2025-07-27T16:58:56.161294+00:00,29,"{""CO"": 3.39, ""CH4"": 18.23, ""H2S"": 9.03}",Hyderabad,Division 119 (Old Bowenpally),Hasmathnagar,"{""CO"": 3.39, ""CH4"": 18.23, ""H2S"": 9.03}"
114,MH-0018,uploads/MH-0018_before_1753614056_9026.jpg,uploads/MH-0018_after_1753614056_8368.jpg,"17.472521,78.484918",2025-07-27T16:30:56.161294+00:00,23,"{""CO"": 1.8, ""CH4"": 17.27, ""H2S"": 14.09}",Hyderabad,Division 119 (Old Bowenpally),Hasmathnagar,"{""CO"": 1.8, ""CH4"": 17.27, ""H2S"": 14.09}"
115,MH-0019,uploads/MH-0019_before_1753360916_9407.jpg,uploads/MH-0019_after_1753360916_1914.jpg,"17.47328,78.478008",2025-07-24T18:11:56.161294+00:00,29,"{""CO"": 1.45, ""CH4"": 5.86, ""H2S"": 6.05}",Hyderabad,Division 119 (Old Bowenpally),Hasmathnagar,"{""CO"": 1.45, ""CH4"": 5.86, ""H2S"": 6.05}"
116,MH-0019,uploads/MH-0019_before_1753359116_4422.jpg,uploads/MH-0019_after_1753359116_1580.jpg,"17.47328,78.478008",2025-07-24T17:41:56.161294+00:00,20,"{""CO"": 1.72, ""CH4"": 33.91, ""H2S"": 15.52}",Hyderabad,Division 119 (Old Bowenpally),Hasmathnagar,"{""CO"": 1.72, ""CH4"": 33.91, ""H2S"": 15.52}"
117,MH-0019,uploads/MH-0019_before_1753357796_6846.jpg,uploads/MH-0019_after_1753357796_9022.jpg,"17.47328,78.478008",2025-07-24T17:19:56.161294+00:00,24,"{""CO"": 0.79, ""CH4"": 33.33, ""H2S"": 2.16}",Hyderabad,Division 119 (Old Bowenpally),Hasmathnagar,"{""CO"": 0.79, ""CH4"": 33.33, ""H2S"": 2.16}"
118,MH-0019,uploads/MH-0019_before_1753356776_8323.jpg,uploads/MH-0019_after_1753356776_4430.jpg,"17.47328,78.478008",2025-07-24T17:02:56.161294+00:00,26,"{""CO"": 2.66, ""CH4"": 58.13, ""H2S"": 2.89}",Hyderabad,Division 119 (Old Bowenpally),Hasmathnagar,"{""CO"": 2.66, ""CH4"": 58.13, ""H2S"": 2.89}"
119,MH-0020,uploads/MH-0020_before_1753360796_7112.jpg,uploads/MH-0020_after_1753360796_1639.jpg,"17.472795,78.480319",2025-07-24T18:09:56.161294+00:00,21,,Hyderabad,Division 119 (Old Bowenpally),Hasmathnagar,
120,MH-0020,uploads/MH-0020_before_1753359716_5505.jpg,uploads/MH-0020_after_1753359716_4743.jpg,"17.472795,78.480319",2025-07-24T17:51:56.161294+00:00,30,"{""CO"": 2.47, ""CH4"": 39.7, ""H2S"": 6.24}",Hyderabad,Division 119 (Old Bowenpally),Hasmathnagar,"{""CO"": 2.47, ""CH4"": 39.7, ""H2S"": 6.24}"
121,MH-0020,uploads/MH-0020_before_1753357976_5220.jpg,uploads/MH-0020_after_1753357976_1840.jpg,"17.472795,78.480319",2025-07-24T17:22:56.161294+00:00,16,"{""CO"": 1.9, ""CH4"": 96.91, ""H2S"": 4.09}",Hyderabad,Division 119 (Old Bowenpally),Hasmathnagar,"{""CO"": 1.9, ""CH4"": 96.91, ""H2S"": 4.09}"
122,MH-0020,uploads/MH-0020_before_1753356956_3430.jpg,uploads/MH-0020_after_1753356956_1456.jpg,"17.472795,78.480319",2025-07-24T17:05:56.161294+00:00,17,"{""CO"": 0.16, ""CH4"": 54.85, ""H2S"": 14.01}",Hyderabad,Division 119 (Old Bowenpally),Hasmathnagar,"{""CO"": 0.16, ""CH4"": 54.85, ""H2S"": 14.01}"
123,MH-0021,uploads/MH-0021_before_1751287496_4904.jpg,uploads/MH-0021_after_1751287496_9200.jpg,"17.470147,78.482893",2025-06-30T18:14:56.161294+00:00,30,,Hyderabad,Division 119 (Old Bowenpally),Hasmathnagar,
124,MH-0021,uploads/MH-0021_before_1751286476_7882.jpg,uploads/MH-0021_after_1751286476_5134.jpg,"17.470147,78.482893",2025-06-30T17:57:56.161294+00:00,18,"{""CO"": 0.23, ""CH4"": 86.42, ""H2S"": 3.94}",Hyderabad,Division 119 (Old Bowenpally),Hasmathnagar,"{""CO"": 0.23, ""CH4"": 86.42, ""H2S"": 3.94}"
125,MH-0021,uploads/MH-0021_before_1751285576_2819.jpg,uploads/MH-0021_after_1751285576_2473.jpg,"17.470147,78.482893",2025-06-30T17:42:56.161294+00:00,19,,Hyderabad,Division 119 (Old Bowenpally),Hasmathnagar,
126,MH-0021,uploads/MH-0021_before_1751284436_2978.jpg,uploads/MH-0021_after_1751284436_6416.jpg,"17.470147,78.482893",2025-06-30T17:23:56.161294+00:00,16,"{""CO"": 3.78, ""CH4"": 19.96, ""H2S"": 0.59}",Hyderabad,Division 119 (Old Bowenpally),Hasmathnagar,"{""CO"": 3.78, ""CH4"": 19.96, ""H2S"": 0.59}"
127,MH-0021,uploads/MH-0021_before_1751283236_7489.jpg,uploads/MH-0021_after_1751283236_7976.jpg,"17.470147,78.482893",2025-06-30T17:03:56.161294+00:00,19,"{""CO"": 1.65, ""CH4"": 21.73, ""H2S"": 11.42}",Hyderabad,Division 119 (Old Bowenpally),Hasmathnagar,"{""CO"": 1.65, ""CH4"": 21.73, ""H2S"": 11.42}"
128,MH-0021,uploads/MH-0021_before_1751281736_6703.jpg,uploads/MH-0021_after_1751281736_5592.jpg,"17.470147,78.482893",2025-06-30T16:38:56.161294+00:00,24,"{""CO"": 2.75, ""CH4"": 7.01, ""H2S"": 13.63}",Hyderabad,Division 119 (Old Bowenpally),Hasmathnagar,"{""CO"": 2.75, ""CH4"": 7.01, ""H2S"": 13.63}"
129,MH-0021,uploads/MH-0021_before_1751279996_3568.jpg,uploads/MH-0021_after_1751279996_2054.jpg,"17.470147,78.482893",2025-06-30T16:09:56.161294+00:00,30,"{""CO"": 2.61, ""CH4"": 46.64, ""H2S"": 19.75}",Hyderabad,Division 119 (Old Bowenpally),Hasmathnagar,"{""CO"": 2.61, ""CH4"": 46.64, ""H2S"": 19.75}"
130,MH-0021,uploads/MH-0021_before_1751278436_4975.jpg,uploads/MH-0021_after_1751278436_9247.jpg,"17.470147,78.482893",2025-06-30T15:43:56.161294+00:00,17,"{""CO"": 2.73, ""CH4"": 12.19, ""H2S"": 2.45}",Hyderabad,Division 119 (Old Bowenpally),Hasmathnagar,"{""CO"": 2.73, ""CH4"": 12.19, ""H2S"": 2.45}"
131,MH-0022,uploads/MH-0022_before_1752237656_2904.jpg,uploads/MH-0022_after_1752237656_8978.jpg,"17.469661,78.478477",2025-07-11T18:10:56.161294+00:00,24,"{""CO"": 4.7, ""CH4"": 95.03, ""H2S"": 16.03}",Hyderabad,Division 119 (Old Bowenpally),Hasmathnagar,"{""CO"": 4.7, ""CH4"": 95.03, ""H2S"": 16.03}"
132,MH-0022,uploads/MH-0022_before_1752236036_2341.jpg,uploads/MH-0022_after_1752236036_8216.jpg,"17.469661,78.478477",2025-07-11T17:43:56.161294+00:00,17,,Hyderabad,Division 119 (Old Bowenpally),Hasmathnagar,
133,MH-0022,uploads/MH-0022_before_1752234956_4940.jpg,uploads/MH-0022_after_1752234956_2073.jpg,"17.469661,78.478477",2025-07-11T17:25:56.161294+00:00,18,"{""CO"": 3.0, ""CH4"": 48.85, ""H2S"": 6.52}",Hyderabad,Division 119 (Old Bowenpally),Hasmathnagar,"{""CO"": 3.0, ""CH4"": 48.85, ""H2S"": 6.52}"
134,MH-0023,uploads/MH-0023_before_1751978276_9633.jpg,uploads/MH-0023_after_1751978276_6035.jpg,"17.475996,78.485397",2025-07-08T18:07:56.161294+00:00,21,,Hyderabad,Division 119 (Old Bowenpally),Hasmathnagar,
135,MH-0023,uploads/MH-0023_before_1751976716_4202.jpg,uploads/MH-0023_after_1751976716_2492.jpg,"17.475996,78.485397",2025-07-08T17:41:56.161294+00:00,28,,Hyderabad,Division 119 (Old Bowenpally),Hasmathnagar,
136,MH-0023,uploads/MH-0023_before_1751975276_8293.jpg,uploads/MH-0023_after_1751975276_6025.jpg,"17.475996,78.485397",2025-07-08T17:17:56.161294+00:00,30,"{""CO"": 4.26, ""CH4"": 27.14, ""H2S"": 14.3}",Hyderabad,Division 119 (Old Bowenpally),Hasmathnagar,"{""CO"": 4.26, ""CH4"": 27.14, ""H2S"": 14.3}"
137,MH-0023,uploads/MH-0023_before_1751973836_2684.jpg,uploads/MH-0023_after_1751973836_1173.jpg,"17.475996,78.485397",2025-07-08T16:53:56.161294+00:00,24,"{""CO"": 0.25, ""CH4"": 35.75, ""H2S"": 13.31}",Hyderabad,Division 119 (Old Bowenpally),Hasmathnagar,"{""CO"": 0.25, ""CH4"": 35.75, ""H2S"": 13.31}"
138,MH-0023,uploads/MH-0023_before_1751972636_9890.jpg,uploads/MH-0023_after_1751972636_9901.jpg,"17.475996,78.485397",2025-07-08T16:33:56.161294+00:00,25,"{""CO"": 2.36, ""CH4"": 22.01, ""H2S"": 9.88}",Hyderabad,Division 119 (Old Bowenpally),Hasmathnagar,"{""CO"": 2.36, ""CH4"": 22.01, ""H2S"": 9.88}"
139,MH-0023,uploads/MH-0023_before_1751970896_5125.jpg,uploads/MH-0023_after_1751970896_9453.jpg,"17.475996,78.485397",2025-07-08T16:04:56.161294+00:00,21,"{""CO"": 4.13, ""CH4"": 77.92, ""H2S"": 12.71}",Hyderabad,Division 119 (Old Bowenpally),Hasmathnagar,"{""CO"": 4.13, ""CH4"": 77.92, ""H2S"": 12.71}"
140,MH-0023,uploads/MH-0023_before_1751969156_7889.jpg,uploads/MH-0023_after_1751969156_8496.jpg,"17.475996,78.485397",2025-07-08T15:35:56.161294+00:00,15,,Hyderabad,Division 119 (Old Bowenpally),Hasmathnagar,
141,MH-0023,uploads/MH-0023_before_1751967776_2993.jpg,uploads/MH-0023_after_1751967776_9611.jpg,"17.475996,78.485397",2025-07-08T15:12:56.161294+00:00,25,,Hyderabad,Division 119 (Old Bowenpally),Hasmathnagar,
142,MH-0023,uploads/MH-0023_before_1751965976_9110.jpg,uploads/MH-0023_after_1751965976_4868.jpg,"17.475996,78.485397",2025-07-08T14:42:56.161294+00:00,25,"{""CO"": 0.76, ""CH4"": 27.58, ""H2S"": 5.31}",Hyderabad,Division 119 (Old Bowenpally),Hasmathnagar,"{""CO"": 0.76, ""CH4"": 27.58, ""H2S"": 5.31}"
143,MH-0023,uploads/MH-0023_before_1751964836_9813.jpg,uploads/MH-0023_after_1751964836_6571.jpg,"17.475996,78.485397",2025-07-08T14:23:56.161294+00:00,20,"{""CO"": 3.35, ""CH4"": 57.83, ""H2S"": 9.58}",Hyderabad,Division 119 (Old Bowenpally),Hasmathnagar,"{""CO"": 3.35, ""CH4"": 57.83, ""H2S"": 9.58}"
144,MH-0024,uploads/MH-0024_before_1751891936_5460.jpg,uploads/MH-0024_after_1751891936_6076.jpg,"17.472189,78.479641",2025-07-07T18:08:56.161294+00:00,18,"{""CO"": 1.73, ""CH4"": 55.87, ""H2S"": 9.34}",Hyderabad,Division 119 (Old Bowenpally),Hasmathnagar,"{""CO"": 1.73, ""CH4"": 55.87, ""H2S"": 9.34}"
145,MH-0024,uploads/MH-0024_before_1751890916_9299.jpg,uploads/MH-0024_after_1751890916_1991.jpg,"17.472189,78.479641",2025-07-07T17:51:56.161294+00:00,25,"{""CO"": 0.49, ""CH4"": 57.16, ""H2S"": 9.98}",Hyderabad,Division 119 (Old Bowenpally),Hasmathnagar,"{""CO"": 0.49, ""CH4"": 57.16, ""H2S"": 9.98}"
146,MH-0024,uploads/MH-0024_before_1751889896_6016.jpg,uploads/MH-0024_after_1751889896_5099.jpg,"17.472189,78.479641",2025-07-07T17:34:56.161294+00:00,23,"{""CO"": 3.1, ""CH4"": 76.93, ""H2S"": 2.93}",Hyderabad,Division 119 (Old Bowenpally),Hasmathnagar,"{""CO"": 3.1, ""CH4"": 76.93, ""H2S"": 2.93}"
147,MH-0025,uploads/MH-0025_before_1752583196_1099.jpg,uploads/MH-0025_after_1752583196_9045.jpg,"17.472653,78.480471",2025-07-15T18:09:56.161294+00:00,19,,Hyderabad,Division 119 (Old Bowenpally),Hasmathnagar,
148,MH-0025,uploads/MH-0025_before_1752582236_2935.jpg,uploads/MH-0025_after_1752582236_5022.jpg,"17.472653,78.480471",2025-07-15T17:53:56.161294+00:00,22,"{""CO"": 3.07, ""CH4"": 91.21, ""H2S"": 7.07}",Hyderabad,Division 119 (Old Bowenpally),Hasmathnagar,"{""CO"": 3.07, ""CH4"": 91.21, ""H2S"": 7.07}"
149,MH-0025,uploads/MH-0025_before_1752580736_3972.jpg,uploads/MH-0025_after_1752580736_1949.jpg,"17.472653,78.480471",2025-07-15T17:28:56.161294+00:00,15,"{""CO"": 2.61, ""CH4"": 27.17, ""H2S"": 12.34}",Hyderabad,Division 119 (Old Bowenpally),Hasmathnagar,"{""CO"": 2.61, ""CH4"": 27.17, ""H2S"": 12.34}"
150,MH-0025,uploads/MH-0025_before_1752579416_5999.jpg,uploads/MH-0025_after_1752579416_9068.jpg,"17.472653,78.480471",2025-07-15T17:06:56.161294+00:00,29,"{""CO"": 3.59, ""CH4"": 0.3, ""H2S"": 19.18}",Hyderabad,Division 119 (Old Bowenpally),Hasmathnagar,"{""CO"": 3.59, ""CH4"": 0.3, ""H2S"": 19.18}"
151,MH-0025,uploads/MH-0025_before_1752578396_4766.jpg,uploads/MH-0025_after_1752578396_8596.jpg,"17.472653,78.480471",2025-07-15T16:49:56.161294+00:00,15,"{""CO"": 0.83, ""CH4"": 33.57, ""H2S"": 17.91}",Hyderabad,Division 119 (Old Bowenpally),Hasmathnagar,"{""CO"": 0.83, ""CH4"": 33.57, ""H2S"": 17.91}"
152,MH-0025,uploads/MH-0025_before_1752577016_3342.jpg,uploads/MH-0025_after_1752577016_3669.jpg,"17.472653,78.480471",2025-07-15T16:26:56.161294+00:00,17,,Hyderabad,Division 119 (Old Bowenpally),Hasmathnagar,
153,MH-0026,uploads/MH-0026_before_1753792436_1568.jpg,uploads/MH-0026_after_1753792436_4963.jpg,"17.470687,78.481761",2025-07-29T18:03:56.161294+00:00,27,"{""CO"": 2.24, ""CH4"": 44.61, ""H2S"": 13.07}",Hyderabad,Division 119 (Old Bowenpally),Hasmathnagar,"{""CO"": 2.24, ""CH4"": 44.61, ""H2S"": 13.07}"
154,MH-0026,uploads/MH-0026_before_1753791536_6715.jpg,uploads/MH-0026_after_1753791536_7162.jpg,"17.470687,78.481761",2025-07-29T17:48:56.161294+00:00,30,,Hyderabad,Division 119 (Old Bowenpally),Hasmathnagar,
155,MH-0026,uploads/MH-0026_before_1753790396_7761.jpg,uploads/MH-0026_after_1753790396_1676.jpg,"17.470687,78.481761",2025-07-29T17:29:56.161294+00:00,20,"{""CO"": 1.4, ""CH4"": 96.36, ""H2S"": 14.76}",Hyderabad,Division 119 (Old Bowenpally),Hasmathnagar,"{""CO"": 1.4, ""CH4"": 96.36, ""H2S"": 14.76}"
156,MH-0026,uploads/MH-0026_before_1753788716_5829.jpg,uploads/MH-0026_after_1753788716_8287.jpg,"17.470687,78.481761",2025-07-29T17:01:56.161294+00:00,24,"{""CO"": 1.2, ""CH4"": 27.19, ""H2S"": 5.82}",Hyderabad,Division 119 (Old Bowenpally),Hasmathnagar,"{""CO"": 1.2, ""CH4"": 27.19, ""H2S"": 5.82}"
157,MH-0026,uploads/MH-0026_before_1753787216_8075.jpg,uploads/MH-0026_after_1753787216_6862.jpg,"17.470687,78.481761",2025-07-29T16:36:56.161294+00:00,30,"{""CO"": 2.83, ""CH4"": 6.12, ""H2S"": 18.49}",Hyderabad,Division 119 (Old Bowenpally),Hasmathnagar,"{""CO"": 2.83, ""CH4"": 6.12, ""H2S"": 18.49}"
158,MH-0026,uploads/MH-0026_before_1753785596_4634.jpg,uploads/MH-0026_after_1753785596_8103.jpg,"17.470687,78.481761",2025-07-29T16:09:56.161294+00:00,18,,Hyderabad,Division 119 (Old Bowenpally),Hasmathnagar,
159,MH-0026,uploads/MH-0026_before_1753784276_6612.jpg,uploads/MH-0026_after_1753784276_8272.jpg,"17.470687,78.481761",2025-07-29T15:47:56.161294+00:00,15,"{""CO"": 3.16, ""CH4"": 86.94, ""H2S"": 18.11}",Hyderabad,Division 119 (Old Bowenpally),Hasmathnagar,"{""CO"": 3.16, ""CH4"": 86.94, ""H2S"": 18.11}"
160,MH-0026,uploads/MH-0026_before_1753782536_4096.jpg,uploads/MH-0026_after_1753782536_4417.jpg,"17.470687,78.481761",2025-07-29T15:18:56.161294+00:00,22,"{""CO"": 3.63, ""CH4"": 31.84, ""H2S"": 13.84}",Hyderabad,Division 119 (Old Bowenpally),Hasmathnagar,"{""CO"": 3.63, ""CH4"": 31.84, ""H2S"": 13.84}"
161,MH-0026,uploads/MH-0026_before_1753781156_3200.jpg,uploads/MH-0026_after_1753781156_4865.jpg,"17.470687,78.481761",2025-07-29T14:55:56.161294+00:00,19,"{""CO"": 0.78, ""CH4"": 40.65, ""H2S"": 17.25}",Hyderabad,Division 119 (Old Bowenpally),Hasmathnagar,"{""CO"": 0.78, ""CH4"": 40.65, ""H2S"": 17.25}"
162,MH-0026,uploads/MH-0026_before_1753779356_8137.jpg,uploads/MH-0026_after_1753779356_8874.jpg,"17.470687,78.481761",2025-07-29T14:25:56.161294+00:00,20,"{""CO"": 1.89, ""CH4"": 13.39, ""H2S"": 15.04}",Hyderabad,Division 119 (Old Bowenpally),Hasmathnagar,"{""CO"": 1.89, ""CH4"": 13.39, ""H2S"": 15.04}"
163,MH-0027,uploads/MH-0027_before_1752064496_6641.jpg,uploads/MH-0027_after_1752064496_6108.jpg,"17.470471,78.477883",2025-07-09T18:04:56.161294+00:00,29,,Hyderabad,Division 119 (Old Bowenpally),Hasmathnagar,
164,MH-0027,uploads/MH-0027_before_1752062756_7251.jpg,uploads/MH-0027_after_1752062756_4035.jpg,"17.470471,78.477883",2025-07-09T17:35:56.161294+00:00,26,,Hyderabad,Division 119 (Old Bowenpally),Hasmathnagar,
165,MH-0027,uploads/MH-0027_before_1752061376_2113.jpg,uploads/MH-0027_after_1752061376_1746.jpg,"17.470471,78.477883",2025-07-09T17:12:56.161294+00:00,25,"{""CO"": 1.66, ""CH4"": 71.13, ""H2S"": 10.83}",Hyderabad,Division 119 (Old Bowenpally),Hasmathnagar,"{""CO"": 1.66, ""CH4"": 71.13, ""H2S"": 10.83}"
166,MH-0027,uploads/MH-0027_before_1752060056_3445.jpg,uploads/MH-0027_after_1752060056_3825.jpg,"17.470471,78.477883",2025-07-09T16:50:56.161294+00:00,22,"{""CO"": 1.82, ""CH4"": 50.35, ""H2S"": 15.64}",Hyderabad,Division 119 (Old Bowenpally),Hasmathnagar,"{""CO"": 1.82, ""CH4"": 50.35, ""H2S"": 15.64}"
167,MH-0027,uploads/MH-0027_before_1752059036_4982.jpg,uploads/MH-0027_after_1752059036_3865.jpg,"17.470471,78.477883",2025-07-09T16:33:56.161294+00:00,24,"{""CO"": 4.37, ""CH4"": 18.23, ""H2S"": 12.7}",Hyderabad,Division 119 (Old Bowenpally),Hasmathnagar,"{""CO"": 4.37, ""CH4"": 18.23, ""H2S"": 12.7}"
168,MH-0027,uploads/MH-0027_before_1752058136_7700.jpg,uploads/MH-0027_after_1752058136_8315.jpg,"17.470471,78.477883",2025-07-09T16:18:56.161294+00:00,23,,Hyderabad,Division 119 (Old Bowenpally),Hasmathnagar,
169,MH-0027,uploads/MH-0027_before_1752056996_4657.jpg,uploads/MH-0027_after_1752056996_8156.jpg,"17.470471,78.477883",2025-07-09T15:59:56.161294+00:00,19,"{""CO"": 2.11, ""CH4"": 92.41, ""H2S"": 17.59}",Hyderabad,Division 119 (Old Bowenpally),Hasmathnagar,"{""CO"": 2.11, ""CH4"": 92.41, ""H2S"": 17.59}"
170,MH-0027,uploads/MH-0027_before_1752055916_1650.jpg,uploads/MH-0027_after_1752055916_4518.jpg,"17.470471,78.477883",2025-07-09T15:41:56.161294+00:00,19,,Hyderabad,Division 119 (Old Bowenpally),Hasmathnagar,
171,MH-0027,uploads/MH-0027_before_1752054776_9590.jpg,uploads/MH-0027_after_1752054776_7000.jpg,"17.470471,78.477883",2025-07-09T15:22:56.161294+00:00,27,,Hyderabad,Division 119 (Old Bowenpally),Hasmathnagar,
172,MH-0028,uploads/MH-0028_before_1753447436_4841.jpg,uploads/MH-0028_after_1753447436_3261.jpg,"17.475571,78.481976",2025-07-25T18:13:56.161294+00:00,23,"{""CO"": 3.8, ""CH4"": 43.93, ""H2S"": 10.78}",Hyderabad,Division 119 (Old Bowenpally),Hasmathnagar,"{""CO"": 3.8, ""CH4"": 43.93, ""H2S"": 10.78}"
173,MH-0028,uploads/MH-0028_before_1753446116_9656.jpg,uploads/MH-0028_after_1753446116_9226.jpg,"17.475571,78.481976",2025-07-25T17:51:56.161294+00:00,23,"{""CO"": 3.78, ""CH4"": 80.98, ""H2S"": 4.59}",Hyderabad,Division 119 (Old Bowenpally),Hasmathnagar,"{""CO"": 3.78, ""CH4"": 80.98, ""H2S"": 4.59}"
174,MH-0028,uploads/MH-0028_before_1753444556_9999.jpg,uploads/MH-0028_after_1753444556_6224.jpg,"17.475571,78.481976",2025-07-25T17:25:56.161294+00:00,28,"{""CO"": 0.5, ""CH4"": 15.52, ""H2S"": 12.9}",Hyderabad,Division 119 (Old Bowenpally),Hasmathnagar,"{""CO"": 0.5, ""CH4"": 15.52, ""H2S"": 12.9}"
175,MH-0028,uploads/MH-0028_before_1753443656_7982.jpg,uploads/MH-0028_after_1753443656_7694.jpg,"17.475571,78.481976",2025-07-25T17:10:56.161294+00:00,29,"{""CO"": 2.77, ""CH4"": 89.69, ""H2S"": 19.05}",Hyderabad,Division 119 (Old Bowenpally),Hasmathnagar,"{""CO"": 2.77, ""CH4"": 89.69, ""H2S"": 19.05}"
176,MH-0028,uploads/MH-0028_before_1753441916_1054.jpg,uploads/MH-0028_after_1753441916_5049.jpg,"17.475571,78.481976",2025-07-25T16:41:56.161294+00:00,26,,Hyderabad,Division 119 (Old Bowenpally),Hasmathnagar,
177,MH-0028,uploads/MH-0028_before_1753440716_3016.jpg,uploads/MH-0028_after_1753440716_9280.jpg,"17.475571,78.481976",2025-07-25T16:21:56.161294+00:00,23,"{""CO"": 4.29, ""CH4"": 37.36, ""H2S"": 12.33}",Hyderabad,Division 119 (Old Bowenpally),Hasmathnagar,"{""CO"": 4.29, ""CH4"": 37.36, ""H2S"": 12.33}"
178,MH-0028,uploads/MH-0028_before_1753439696_6853.jpg,uploads/MH-0028_after_1753439696_4751.jpg,"17.475571,78.481976",2025-07-25T16:04:56.161294+00:00,18,"{""CO"": 4.5, ""CH4"": 62.21, ""H2S"": 3.7}",Hyderabad,Division 119 (Old Bowenpally),Hasmathnagar,"{""CO"": 4.5, ""CH4"": 62.21, ""H2S"": 3.7}"
179,MH-0028,uploads/MH-0028_before_1753438316_2797.jpg,uploads/MH-0028_after_1753438316_8802.jpg,"17.475571,78.481976",2025-07-25T15:41:56.161294+00:00,28,"{""CO"": 2.92, ""CH4"": 23.83, ""H2S"": 17.77}",Hyderabad,Division 119 (Old Bowenpally),Hasmathnagar,"{""CO"": 2.92, ""CH4"": 23.83, ""H2S"": 17.77}"
180,MH-0029,uploads/MH-0029_before_1753447136_9676.jpg,uploads/MH-0029_after_1753447136_7940.jpg,"17.472712,78.478049",2025-07-25T18:08:56.161294+00:00,24,"{""CO"": 4.67, ""CH4"": 79.14, ""H2S"": 4.9}",Hyderabad,Division 119 (Old Bowenpally),Hasmathnagar,"{""CO"": 4.67, ""CH4"": 79.14, ""H2S"": 4.9}"
181,MH-0029,uploads/MH-0029_before_1753445516_5065.jpg,uploads/MH-0029_after_1753445516_8205.jpg,"17.472712,78.478049",2025-07-25T17:41:56.161294+00:00,19,"{""CO"": 4.64, ""CH4"": 83.44, ""H2S"": 7.36}",Hyderabad,Division 119 (Old Bowenpally),Hasmathnagar,"{""CO"": 4.64, ""CH4"": 83.44, ""H2S"": 7.36}"
182,MH-0029,uploads/MH-0029_before_1753444436_2575.jpg,uploads/MH-0029_after_1753444436_4946.jpg,"17.472712,78.478049",2025-07-25T17:23:56.161294+00:00,19,"{""CO"": 3.32, ""CH4"": 73.93, ""H2S"": 19.03}",Hyderabad,Division 119 (Old Bowenpally),Hasmathnagar,"{""CO"": 3.32, ""CH4"": 73.93, ""H2S"": 19.03}"
183,MH-0029,uploads/MH-0029_before_1753443296_4661.jpg,uploads/MH-0029_after_1753443296_8694.jpg,"17.472712,78.478049",2025-07-25T17:04:56.161294+00:00,28,"{""CO"": 2.24, ""CH4"": 38.04, ""H2S"": 13.51}",Hyderabad,Division 119 (Old Bowenpally),Hasmathnagar,"{""CO"": 2.24, ""CH4"": 38.04, ""H2S"": 13.51}"
184,MH-0029,uploads/MH-0029_before_1753441556_1003.jpg,uploads/MH-0029_after_1753441556_1859.jpg,"17.472712,78.478049",2025-07-25T16:35:56.161294+00:00,29,"{""CO"": 2.86, ""CH4"": 32.93, ""H2S"": 18.28}",Hyderabad,Division 119 (Old Bowenpally),Hasmathnagar,"{""CO"": 2.86, ""CH4"": 32.93, ""H2S"": 18.28}"
185,MH-0029,uploads/MH-0029_before_1753440056_6516.jpg,uploads/MH-0029_after_1753440056_1025.jpg,"17.472712,78.478049",2025-07-25T16:10:56.161294+00:00,16,"{""CO"": 4.05, ""CH4"": 83.12, ""H2S"": 18.53}",Hyderabad,Division 119 (Old Bowenpally),Hasmathnagar,"{""CO"": 4.05, ""CH4"": 83.12, ""H2S"": 18.53}"
186,MH-0029,uploads/MH-0029_before_1753439156_7498.jpg,uploads/MH-0029_after_1753439156_9351.jpg,"17.472712,78.478049",2025-07-25T15:55:56.161294+00:00,21,,Hyderabad,Division 119 (Old Bowenpally),Hasmathnagar,
187,MH-0029,uploads/MH-0029_before_1753437836_7242.jpg,uploads/MH-0029_after_1753437836_7154.jpg,"17.472712,78.478049",2025-07-25T15:33:56.161294+00:00,23,"{""CO"": 1.81, ""CH4"": 5.76, ""H2S"": 8.26}",Hyderabad,Division 119 (Old Bowenpally),Hasmathnagar,"{""CO"": 1.81, ""CH4"": 5.76, ""H2S"": 8.26}"
188,MH-0030,uploads/MH-0030_before_1753706816_7533.jpg,uploads/MH-0030_after_1753706816_8492.jpg,"17.474159,78.479317",2025-07-28T18:16:56.161294+00:00,30,,Hyderabad,Division 119 (Old Bowenpally),Hasmathnagar,
189,MH-0030,uploads/MH-0030_before_1753705676_9135.jpg,uploads/MH-0030_after_1753705676_4290.jpg,"17.474159,78.479317",2025-07-28T17:57:56.161294+00:00,21,,Hyderabad,Division 119 (Old Bowenpally),Hasmathnagar,
190,MH-0030,uploads/MH-0030_before_1753704536_3342.jpg,uploads/MH-0030_after_1753704536_2806.jpg,"17.474159,78.479317",2025-07-28T17:38:56.161294+00:00,20,"{""CO"": 4.04, ""CH4"": 52.45, ""H2S"": 10.99}",Hyderabad,Division 119 (Old Bowenpally),Hasmathnagar,"{""CO"": 4.04, ""CH4"": 52.45, ""H2S"": 10.99}"
191,MH-0030,uploads/MH-0030_before_1753703576_6011.jpg,uploads/MH-0030_after_1753703576_8274.jpg,"17.474159,78.479317",2025-07-28T17:22:56.161294+00:00,26,"{""CO"": 3.6, ""CH4"": 36.42, ""H2S"": 8.13}",Hyderabad,Division 119 (Old Bowenpally),Hasmathnagar,"{""CO"": 3.6, ""CH4"": 36.42, ""H2S"": 8.13}"
192,MH-0031,uploads/MH-0031_before_1753102076_6304.jpg,uploads/MH-0031_after_1753102076_3898.jpg,"17.471439,78.484181",2025-07-21T18:17:56.161294+00:00,19,"{""CO"": 4.26, ""CH4"": 17.83, ""H2S"": 17.84}",Hyderabad,Division 119 (Old Bowenpally),Hasmathnagar,"{""CO"": 4.26, ""CH4"": 17.83, ""H2S"": 17.84}"
193,MH-0031,uploads/MH-0031_before_1753100276_4144.jpg,uploads/MH-0031_after_1753100276_4475.jpg,"17.471439,78.484181",2025-07-21T17:47:56.161294+00:00,18,"{""CO"": 4.2, ""CH4"": 68.75, ""H2S"": 10.12}",Hyderabad,Division 119 (Old Bowenpally),Hasmathnagar,"{""CO"": 4.2, ""CH4"": 68.75, ""H2S"": 10.12}"
194,MH-0031,uploads/MH-0031_before_1753099316_2600.jpg,uploads/MH-0031_after_1753099316_5343.jpg,"17.471439,78.484181",2025-07-21T17:31:56.161294+00:00,23,,Hyderabad,Division 119 (Old Bowenpally),Hasmathnagar,
195,MH-0031,uploads/MH-0031_before_1753097636_7805.jpg,uploads/MH-0031_after_1753097636_8102.jpg,"17.471439,78.484181",2025-07-21T17:03:56.161294+00:00,19,,Hyderabad,Division 119 (Old Bowenpally),Hasmathnagar,
196,MH-0031,uploads/MH-0031_before_1753095956_8205.jpg,uploads/MH-0031_after_1753095956_7332.jpg,"17.471439,78.484181",2025-07-21T16:35:56.161294+00:00,21,,Hyderabad,Division 119 (Old Bowenpally),Hasmathnagar,
197,MH-0031,uploads/MH-0031_before_1753094216_7845.jpg,uploads/MH-0031_after_1753094216_4179.jpg,"17.471439,78.484181",2025-07-21T16:06:56.161294+00:00,17,"{""CO"": 1.34, ""CH4"": 5.5, ""H2S"": 2.69}",Hyderabad,Division 119 (Old Bowenpally),Hasmathnagar,"{""CO"": 1.34, ""CH4"": 5.5, ""H2S"": 2.69}"
198,MH-0031,uploads/MH-0031_before_1753092476_1398.jpg,uploads/MH-0031_after_1753092476_6329.jpg,"17.471439,78.484181",2025-07-21T15:37:56.161294+00:00,25,,Hyderabad,Division 119 (Old Bowenpally),Hasmathnagar,
199,MH-0031,uploads/MH-0031_before_1753091396_5603.jpg,uploads/MH-0031_after_1753091396_9036.jpg,"17.471439,78.484181",2025-07-21T15:19:56.161294+00:00,20,"{""CO"": 3.21, ""CH4"": 38.72, ""H2S"": 7.8}",Hyderabad,Division 119 (Old Bowenpally),Hasmathnagar,"{""CO"": 3.21, ""CH4"": 38.72, ""H2S"": 7.8}"
200,MH-0032,uploads/MH-0032_before_1751287676_4195.jpg,uploads/MH-0032_after_1751287676_5728.jpg,"17.471484,78.481111",2025-06-30T18:17:56.161294+00:00,15,"{""CO"": 2.34, ""CH4"": 79.56, ""H2S"": 1.85}",Hyderabad,Division 119 (Old Bowenpally),Hasmathnagar,"{""CO"": 2.34, ""CH4"": 79.56, ""H2S"": 1.85}"
201,MH-0032,uploads/MH-0032_before_1751286596_4623.jpg,uploads/MH-0032_after_1751286596_9917.jpg,"17.471484,78.481111",2025-06-30T17:59:56.161294+00:00,30,"{""CO"": 3.75, ""CH4"": 85.75, ""H2S"": 15.8}",Hyderabad,Division 119 (Old Bowenpally),Hasmathnagar,"{""CO"": 3.75, ""CH4"": 85.75, ""H2S"": 15.8}"
202,MH-0032,uploads/MH-0032_before_1751285696_6730.jpg,uploads/MH-0032_after_1751285696_8306.jpg,"17.471484,78.481111",2025-06-30T17:44:56.161294+00:00,16,"{""CO"": 0.13, ""CH4"": 44.35, ""H2S"": 15.01}",Hyderabad,Division 119 (Old Bowenpally),Hasmathnagar,"{""CO"": 0.13, ""CH4"": 44.35, ""H2S"": 15.01}"
203,MH-0032,uploads/MH-0032_before_1751284796_9513.jpg,uploads/MH-0032_after_1751284796_2440.jpg,"17.471484,78.481111",2025-06-30T17:29:56.161294+00:00,16,"{""CO"": 4.13, ""CH4"": 59.4, ""H2S"": 17.97}",Hyderabad,Division 119 (Old Bowenpally),Hasmathnagar,"{""CO"": 4.13, ""CH4"": 59.4, ""H2S"": 17.97}"
204,MH-0033,uploads/MH-0033_before_1752065156_5465.jpg,uploads/MH-0033_after_1752065156_1995.jpg,"17.469258,78.483245",2025-07-09T18:15:56.161294+00:00,18,,Hyderabad,Division 119 (Old Bowenpally),Hasmathnagar,
205,MH-0033,uploads/MH-0033_before_1752064196_1669.jpg,uploads/MH-0033_after_1752064196_5144.jpg,"17.469258,78.483245",2025-07-09T17:59:56.161294+00:00,28,"{""CO"": 4.58, ""CH4"": 95.01, ""H2S"": 13.32}",Hyderabad,Division 119 (Old Bowenpally),Hasmathnagar,"{""CO"": 4.58, ""CH4"": 95.01, ""H2S"": 13.32}"
206,MH-0033,uploads/MH-0033_before_1752062756_8980.jpg,uploads/MH-0033_after_1752062756_7483.jpg,"17.469258,78.483245",2025-07-09T17:35:56.161294+00:00,21,,Hyderabad,Division 119 (Old Bowenpally),Hasmathnagar,
207,MH-0033,uploads/MH-0033_before_1752060956_5621.jpg,uploads/MH-0033_after_1752060956_6123.jpg,"17.469258,78.483245",2025-07-09T17:05:56.161294+00:00,21,,Hyderabad,Division 119 (Old Bowenpally),Hasmathnagar,
208,MH-0033,uploads/MH-0033_before_1752059876_8349.jpg,uploads/MH-0033_after_1752059876_6732.jpg,"17.469258,78.483245",2025-07-09T16:47:56.161294+00:00,26,"{""CO"": 1.24, ""CH4"": 7.91, ""H2S"": 11.72}",Hyderabad,Division 119 (Old Bowenpally),Hasmathnagar,"{""CO"": 1.24, ""CH4"": 7.91, ""H2S"": 11.72}"
209,MH-0033,uploads/MH-0033_before_1752058496_1770.jpg,uploads/MH-0033_after_1752058496_4040.jpg,"17.469258,78.483245",2025-07-09T16:24:56.161294+00:00,17,"{""CO"": 3.41, ""CH4"": 28.32, ""H2S"": 19.35}",Hyderabad,Division 119 (Old Bowenpally),Hasmathnagar,"{""CO"": 3.41, ""CH4"": 28.32, ""H2S"": 19.35}"
210,MH-0033,uploads/MH-0033_before_1752056876_4961.jpg,uploads/MH-0033_after_1752056876_2079.jpg,"17.469258,78.483245",2025-07-09T15:57:56.161294+00:00,16,,Hyderabad,Division 119 (Old Bowenpally),Hasmathnagar,
211,MH-0034,uploads/MH-0034_before_1753447616_3837.jpg,uploads/MH-0034_after_1753447616_5954.jpg,"17.47135,78.485394",2025-07-25T18:16:56.161294+00:00,24,"{""CO"": 3.08, ""CH4"": 67.68, ""H2S"": 16.2}",Hyderabad,Division 119 (Old Bowenpally),Hasmathnagar,"{""CO"": 3.08, ""CH4"": 67.68, ""H2S"": 16.2}"
212,MH-0034,uploads/MH-0034_before_1753445996_6579.jpg,uploads/MH-0034_after_1753445996_4490.jpg,"17.47135,78.485394",2025-07-25T17:49:56.161294+00:00,26,"{""CO"": 4.56, ""CH4"": 59.55, ""H2S"": 2.22}",Hyderabad,Division 119 (Old Bowenpally),Hasmathnagar,"{""CO"": 4.56, ""CH4"": 59.55, ""H2S"": 2.22}"
213,MH-0034,uploads/MH-0034_before_1753444916_4245.jpg,uploads/MH-0034_after_1753444916_9732.jpg,"17.47135,78.485394",2025-07-25T17:31:56.161294+00:00,29,"{""CO"": 3.91, ""CH4"": 28.07, ""H2S"": 14.3}",Hyderabad,Division 119 (Old Bowenpally),Hasmathnagar,"{""CO"": 3.91, ""CH4"": 28.07, ""H2S"": 14.3}"
214,MH-0034,uploads/MH-0034_before_1753443416_7966.jpg,uploads/MH-0034_after_1753443416_1052.jpg,"17.47135,78.485394",2025-07-25T17:06:56.161294+00:00,29,,Hyderabad,Division 119 (Old Bowenpally),Hasmathnagar,
215,MH-0034,uploads/MH-0034_before_1753441616_5278.jpg,uploads/MH-0034_after_1753441616_1131.jpg,"17.47135,78.485394",2025-07-25T16:36:56.161294+00:00,27,"{""CO"": 4.29, ""CH4"": 57.72, ""H2S"": 3.91}",Hyderabad,Division 119 (Old Bowenpally),Hasmathnagar,"{""CO"": 4.29, ""CH4"": 57.72, ""H2S"": 3.91}"
216,MH-0034,uploads/MH-0034_before_1753440656_6225.jpg,uploads/MH-0034_after_1753440656_2119.jpg,"17.47135,78.485394",2025-07-25T16:20:56.161294+00:00,23,"{""CO"": 4.91, ""CH4"": 67.08, ""H2S"": 0.93}",Hyderabad,Division 119 (Old Bowenpally),Hasmathnagar,"{""CO"": 4.91, ""CH4"": 67.08, ""H2S"": 0.93}"
217,MH-0034,uploads/MH-0034_before_1753439096_9026.jpg,uploads/MH-0034_after_1753439096_2468.jpg,"17.47135,78.485394",2025-07-25T15:54:56.161294+00:00,25,"{""CO"": 0.57, ""CH4"": 34.31, ""H2S"": 4.24}",Hyderabad,Division 119 (Old Bowenpally),Hasmathnagar,"{""CO"": 0.57, ""CH4"": 34.31, ""H2S"": 4.24}"
218,MH-0034,uploads/MH-0034_before_1753437896_4669.jpg,uploads/MH-0034_after_1753437896_3371.jpg,"17.47135,78.485394",2025-07-25T15:34:56.161294+00:00,27,"{""CO"": 2.59, ""CH4"": 73.92, ""H2S"": 14.29}",Hyderabad,Division 119 (Old Bowenpally),Hasmathnagar,"{""CO"": 2.59, ""CH4"": 73.92, ""H2S"": 14.29}"
219,MH-0035,uploads/MH-0035_before_1752669296_5099.jpg,uploads/MH-0035_after_1752669296_8160.jpg,"17.474414,78.482167",2025-07-16T18:04:56.161294+00:00,29,"{""CO"": 2.14, ""CH4"": 93.83, ""H2S"": 11.05}",Hyderabad,Division 119 (Old Bowenpally),Hasmathnagar,"{""CO"": 2.14, ""CH4"": 93.83, ""H2S"": 11.05}"
220,MH-0035,uploads/MH-0035_before_1752667676_4384.jpg,uploads/MH-0035_after_1752667676_5641.jpg,"17.474414,78.482167",2025-07-16T17:37:56.161294+00:00,16,"{""CO"": 3.59, ""CH4"": 6.53, ""H2S"": 16.54}",Hyderabad,Division 119 (Old Bowenpally),Hasmathnagar,"{""CO"": 3.59, ""CH4"": 6.53, ""H2S"": 16.54}"
221,MH-0035,uploads/MH-0035_before_1752666416_9574.jpg,uploads/MH-0035_after_1752666416_4715.jpg,"17.474414,78.482167",2025-07-16T17:16:56.161294+00:00,29,"{""CO"": 1.38, ""CH4"": 98.87, ""H2S"": 6.24}",Hyderabad,Division 119 (Old Bowenpally),Hasmathnagar,"{""CO"": 1.38, ""CH4"": 98.87, ""H2S"": 6.24}"
222,MH-0035,uploads/MH-0035_before_1752664616_3756.jpg,uploads/MH-0035_after_1752664616_6861.jpg,"17.474414,78.482167",2025-07-16T16:46:56.161294+00:00,16,"{""CO"": 3.42, ""CH4"": 62.35, ""H2S"": 4.23}",Hyderabad,Division 119 (Old Bowenpally),Hasmathnagar,"{""CO"": 3.42, ""CH4"": 62.35, ""H2S"": 4.23}"
223,MH-0036,uploads/MH-0036_before_1751892176_7946.jpg,uploads/MH-0036_after_1751892176_6491.jpg,"17.46989,78.483547",2025-07-07T18:12:56.161294+00:00,18,,Hyderabad,Division 119 (Old Bowenpally),Hasmathnagar,
224,MH-0036,uploads/MH-0036_before_1751891036_6264.jpg,uploads/MH-0036_after_1751891036_4019.jpg,"17.46989,78.483547",2025-07-07T17:53:56.161294+00:00,30,"{""CO"": 4.74, ""CH4"": 92.85, ""H2S"": 11.29}",Hyderabad,Division 119 (Old Bowenpally),Hasmathnagar,"{""CO"": 4.74, ""CH4"": 92.85, ""H2S"": 11.29}"
225,MH-0036,uploads/MH-0036_before_1751889356_2576.jpg,uploads/MH-0036_after_1751889356_3130.jpg,"17.46989,78.483547",2025-07-07T17:25:56.161294+00:00,26,"{""CO"": 0.02, ""CH4"": 78.32, ""H2S"": 3.53}",Hyderabad,Division 119 (Old Bowenpally),Hasmathnagar,"{""CO"": 0.02, ""CH4"": 78.32, ""H2S"": 3.53}"
226,MH-0037,uploads/MH-0037_before_1751892056_1460.jpg,uploads/MH-0037_after_1751892056_6544.jpg,"17.47447,78.481929",2025-07-07T18:10:56.161294+00:00,27,,Hyderabad,Division 119 (Old Bowenpally),Hasmathnagar,
227,MH-0037,uploads/MH-0037_before_1751890436_3193.jpg,uploads/MH-0037_after_1751890436_3764.jpg,"17.47447,78.481929",2025-07-07T17:43:56.161294+00:00,17,,Hyderabad,Division 119 (Old Bowenpally),Hasmathnagar,
228,MH-0037,uploads/MH-0037_before_1751888756_8620.jpg,uploads/MH-0037_after_1751888756_8086.jpg,"17.47447,78.481929",2025-07-07T17:15:56.161294+00:00,26,"{""CO"": 3.4, ""CH4"": 17.51, ""H2S"": 9.38}",Hyderabad,Division 119 (Old Bowenpally),Hasmathnagar,"{""CO"": 3.4, ""CH4"": 17.51, ""H2S"": 9.38}"
229,MH-0037,uploads/MH-0037_before_1751887736_5612.jpg,uploads/MH-0037_after_1751887736_8695.jpg,"17.47447,78.481929",2025-07-07T16:58:56.161294+00:00,26,"{""CO"": 2.82, ""CH4"": 88.65, ""H2S"": 19.48}",Hyderabad,Division 119 (Old Bowenpally),Hasmathnagar,"{""CO"": 2.82, ""CH4"": 88.65, ""H2S"": 19.48}"
230,MH-0037,uploads/MH-0037_before_1751886176_4220.jpg,uploads/MH-0037_after_1751886176_4070.jpg,"17.47447,78.481929",2025-07-07T16:32:56.161294+00:00,15,"{""CO"": 3.44, ""CH4"": 59.62, ""H2S"": 13.95}",Hyderabad,Division 119 (Old Bowenpally),Hasmathnagar,"{""CO"": 3.44, ""CH4"": 59.62, ""H2S"": 13.95}"
231,MH-0038,uploads/MH-0038_before_1753014896_4988.jpg,uploads/MH-0038_after_1753014896_8094.jpg,"17.470658,78.483509",2025-07-20T18:04:56.161294+00:00,16,,Hyderabad,Division 119 (Old Bowenpally),Hasmathnagar,
232,MH-0038,uploads/MH-0038_before_1753013276_2745.jpg,uploads/MH-0038_after_1753013276_8714.jpg,"17.470658,78.483509",2025-07-20T17:37:56.161294+00:00,17,,Hyderabad,Division 119 (Old Bowenpally),Hasmathnagar,
233,MH-0038,uploads/MH-0038_before_1753011896_1259.jpg,uploads/MH-0038_after_1753011896_5768.jpg,"17.470658,78.483509",2025-07-20T17:14:56.161294+00:00,30,,Hyderabad,Division 119 (Old Bowenpally),Hasmathnagar,
234,MH-0038,uploads/MH-0038_before_1753010936_8630.jpg,uploads/MH-0038_after_1753010936_9720.jpg,"17.470658,78.483509",2025-07-20T16:58:56.161294+00:00,25,,Hyderabad,Division 119 (Old Bowenpally),Hasmathnagar,
235,MH-0038,uploads/MH-0038_before_1753009436_6702.jpg,uploads/MH-0038_after_1753009436_4623.jpg,"17.470658,78.483509",2025-07-20T16:33:56.161294+00:00,17,,Hyderabad,Division 119 (Old Bowenpally),Hasmathnagar,
236,MH-0038,uploads/MH-0038_before_1753008356_8999.jpg,uploads/MH-0038_after_1753008356_2656.jpg,"17.470658,78.483509",2025-07-20T16:15:56.161294+00:00,30,"{""CO"": 3.54, ""CH4"": 55.23, ""H2S"": 0.34}",Hyderabad,Division 119 (Old Bowenpally),Hasmathnagar,"{""CO"": 3.54, ""CH4"": 55.23, ""H2S"": 0.34}"
237,MH-0039,uploads/MH-0039_before_1752582956_2884.jpg,uploads/MH-0039_after_1752582956_8919.jpg,"17.472546,78.481078",2025-07-15T18:05:56.161294+00:00,26,"{""CO"": 1.33, ""CH4"": 63.16, ""H2S"": 4.78}",Hyderabad,Division 119 (Old Bowenpally),Hasmathnagar,"{""CO"": 1.33, ""CH4"": 63.16, ""H2S"": 4.78}"
238,MH-0039,uploads/MH-0039_before_1752582056_4197.jpg,uploads/MH-0039_after_1752582056_1667.jpg,"17.472546,78.481078",2025-07-15T17:50:56.161294+00:00,15,"{""CO"": 2.56, ""CH4"": 5.14, ""H2S"": 19.49}",Hyderabad,Division 119 (Old Bowenpally),Hasmathnagar,"{""CO"": 2.56, ""CH4"": 5.14, ""H2S"": 19.49}"
239,MH-0039,uploads/MH-0039_before_1752580916_4940.jpg,uploads/MH-0039_after_1752580916_5515.jpg,"17.472546,78.481078",2025-07-15T17:31:56.161294+00:00,24,,Hyderabad,Division 119 (Old Bowenpally),Hasmathnagar,
240,MH-0039,uploads/MH-0039_before_1752579176_5413.jpg,uploads/MH-0039_after_1752579176_6039.jpg,"17.472546,78.481078",2025-07-15T17:02:56.161294+00:00,26,,Hyderabad,Division 119 (Old Bowenpally),Hasmathnagar,
241,MH-0039,uploads/MH-0039_before_1752577556_7894.jpg,uploads/MH-0039_after_1752577556_2186.jpg,"17.472546,78.481078",2025-07-15T16:35:56.161294+00:00,24,"{""CO"": 2.74, ""CH4"": 25.56, ""H2S"": 0.29}",Hyderabad,Division 119 (Old Bowenpally),Hasmathnagar,"{""CO"": 2.74, ""CH4"": 25.56, ""H2S"": 0.29}"
242,MH-0040,uploads/MH-0040_before_1752323816_6779.jpg,uploads/MH-0040_after_1752323816_5429.jpg,"17.473792,78.478224",2025-07-12T18:06:56.161294+00:00,24,,Hyderabad,Division 119 (Old Bowenpally),Hasmathnagar,
243,MH-0040,uploads/MH-0040_before_1752322376_8544.jpg,uploads/MH-0040_after_1752322376_8989.jpg,"17.473792,78.478224",2025-07-12T17:42:56.161294+00:00,16,,Hyderabad,Division 119 (Old Bowenpally),Hasmathnagar,
244,MH-0040,uploads/MH-0040_before_1752321416_8189.jpg,uploads/MH-0040_after_1752321416_3318.jpg,"17.473792,78.478224",2025-07-12T17:26:56.161294+00:00,29,,Hyderabad,Division 119 (Old Bowenpally),Hasmathnagar,
245,MH-0041,uploads/MH-0041_before_1752583196_9999.jpg,uploads/MH-0041_after_1752583196_6372.jpg,"17.469701,78.480679",2025-07-15T18:09:56.161294+00:00,18,"{""CO"": 1.53, ""CH4"": 83.81, ""H2S"": 5.53}",Hyderabad,Division 119 (Old Bowenpally),Hasmathnagar,"{""CO"": 1.53, ""CH4"": 83.81, ""H2S"": 5.53}"
246,MH-0041,uploads/MH-0041_before_1752581876_4136.jpg,uploads/MH-0041_after_1752581876_5840.jpg,"17.469701,78.480679",2025-07-15T17:47:56.161294+00:00,25,"{""CO"": 0.2, ""CH4"": 18.76, ""H2S"": 17.36}",Hyderabad,Division 119 (Old Bowenpally),Hasmathnagar,"{""CO"": 0.2, ""CH4"": 18.76, ""H2S"": 17.36}"
247,MH-0041,uploads/MH-0041_before_1752580676_4331.jpg,uploads/MH-0041_after_1752580676_6339.jpg,"17.469701,78.480679",2025-07-15T17:27:56.161294+00:00,25,"{""CO"": 4.72, ""CH4"": 49.01, ""H2S"": 16.94}",Hyderabad,Division 119 (Old Bowenpally),Hasmathnagar,"{""CO"": 4.72, ""CH4"": 49.01, ""H2S"": 16.94}"
248,MH-0041,uploads/MH-0041_before_1752579356_6052.jpg,uploads/MH-0041_after_1752579356_7942.jpg,"17.469701,78.480679",2025-07-15T17:05:56.161294+00:00,20,,Hyderabad,Division 119 (Old Bowenpally),Hasmathnagar,
249,MH-0041,uploads/MH-0041_before_1752578156_6774.jpg,uploads/MH-0041_after_1752578156_6393.jpg,"17.469701,78.480679",2025-07-15T16:45:56.161294+00:00,26,,Hyderabad,Division 119 (Old Bowenpally),Hasmathnagar,
250,MH-0041,uploads/MH-0041_before_1752576956_2636.jpg,uploads/MH-0041_after_1752576956_1998.jpg,"17.469701,78.480679",2025-07-15T16:25:56.161294+00:00,15,"{""CO"": 1.58, ""CH4"": 54.9, ""H2S"": 16.17}",Hyderabad,Division 119 (Old Bowenpally),Hasmathnagar,"{""CO"": 1.58, ""CH4"": 54.9, ""H2S"": 16.17}"
251,MH-0041,uploads/MH-0041_before_1752575156_4053.jpg,uploads/MH-0041_after_1752575156_1553.jpg,"17.469701,78.480679",2025-07-15T15:55:56.161294+00:00,18,,Hyderabad,Division 119 (Old Bowenpally),Hasmathnagar,
252,MH-0042,uploads/MH-0042_before_1753188416_1893.jpg,uploads/MH-0042_after_1753188416_1368.jpg,"17.47038,78.485001",2025-07-22T18:16:56.161294+00:00,16,,Hyderabad,Division 119 (Old Bowenpally),Hasmathnagar,
253,MH-0042,uploads/MH-0042_before_1753186676_4655.jpg,uploads/MH-0042_after_1753186676_3391.jpg,"17.47038,78.485001",2025-07-22T17:47:56.161294+00:00,15,"{""CO"": 1.28, ""CH4"": 41.91, ""H2S"": 19.99}",Hyderabad,Division 119 (Old Bowenpally),Hasmathnagar,"{""CO"": 1.28, ""CH4"": 41.91, ""H2S"": 19.99}"
254,MH-0042,uploads/MH-0042_before_1753185176_4390.jpg,uploads/MH-0042_after_1753185176_6125.jpg,"17.47038,78.485001",2025-07-22T17:22:56.161294+00:00,18,"{""CO"": 3.33, ""CH4"": 90.48, ""H2S"": 7.32}",Hyderabad,Division 119 (Old Bowenpally),Hasmathnagar,"{""CO"": 3.33, ""CH4"": 90.48, ""H2S"": 7.32}"
255,MH-0042,uploads/MH-0042_before_1753183436_1563.jpg,uploads/MH-0042_after_1753183436_8719.jpg,"17.47038,78.485001",2025-07-22T16:53:56.161294+00:00,18,"{""CO"": 4.16, ""CH4"": 54.81, ""H2S"": 5.12}",Hyderabad,Division 119 (Old Bowenpally),Hasmathnagar,"{""CO"": 4.16, ""CH4"": 54.81, ""H2S"": 5.12}"
256,MH-0042,uploads/MH-0042_before_1753182536_2866.jpg,uploads/MH-0042_after_1753182536_4926.jpg,"17.47038,78.485001",2025-07-22T16:38:56.161294+00:00,28,"{""CO"": 4.21, ""CH4"": 34.89, ""H2S"": 17.03}",Hyderabad,Division 119 (Old Bowenpally),Hasmathnagar,"{""CO"": 4.21, ""CH4"": 34.89, ""H2S"": 17.03}"
257,MH-0042,uploads/MH-0042_before_1753181336_5076.jpg,uploads/MH-0042_after_1753181336_9685.jpg,"17.47038,78.485001",2025-07-22T16:18:56.161294+00:00,22,"{""CO"": 2.65, ""CH4"": 61.4, ""H2S"": 10.16}",Hyderabad,Division 119 (Old Bowenpally),Hasmathnagar,"{""CO"": 2.65, ""CH4"": 61.4, ""H2S"": 10.16}"
258,MH-0043,uploads/MH-0043_before_1753360436_9960.jpg,uploads/MH-0043_after_1753360436_8981.jpg,"17.473784,78.481078",2025-07-24T18:03:56.161294+00:00,18,,Hyderabad,Division 119 (Old Bowenpally),Hasmathnagar,
259,MH-0043,uploads/MH-0043_before_1753358816_6685.jpg,uploads/MH-0043_after_1753358816_3286.jpg,"17.473784,78.481078",2025-07-24T17:36:56.161294+00:00,20,"{""CO"": 0.83, ""CH4"": 6.63, ""H2S"": 6.89}",Hyderabad,Division 119 (Old Bowenpally),Hasmathnagar,"{""CO"": 0.83, ""CH4"": 6.63, ""H2S"": 6.89}"
260,MH-0043,uploads/MH-0043_before_1753357016_3910.jpg,uploads/MH-0043_after_1753357016_5333.jpg,"17.473784,78.481078",2025-07-24T17:06:56.161294+00:00,15,"{""CO"": 1.1, ""CH4"": 19.42, ""H2S"": 15.94}",Hyderabad,Division 119 (Old Bowenpally),Hasmathnagar,"{""CO"": 1.1, ""CH4"": 19.42, ""H2S"": 15.94}"
261,MH-0043,uploads/MH-0043_before_1753356116_2529.jpg,uploads/MH-0043_after_1753356116_5604.jpg,"17.473784,78.481078",2025-07-24T16:51:56.161294+00:00,19,,Hyderabad,Division 119 (Old Bowenpally),Hasmathnagar,
262,MH-0043,uploads/MH-0043_before_1753354316_2942.jpg,uploads/MH-0043_after_1753354316_5013.jpg,"17.473784,78.481078",2025-07-24T16:21:56.161294+00:00,30,,Hyderabad,Division 119 (Old Bowenpally),Hasmathnagar,
263,MH-0044,uploads/MH-0044_before_1752929096_8299.jpg,uploads/MH-0044_after_1752929096_5142.jpg,"17.475985,78.484086",2025-07-19T18:14:56.161294+00:00,21,"{""CO"": 1.73, ""CH4"": 87.44, ""H2S"": 9.34}",Hyderabad,Division 119 (Old Bowenpally),Hasmathnagar,"{""CO"": 1.73, ""CH4"": 87.44, ""H2S"": 9.34}"
264,MH-0044,uploads/MH-0044_before_1752927596_3676.jpg,uploads/MH-0044_after_1752927596_6884.jpg,"17.475985,78.484086",2025-07-19T17:49:56.161294+00:00,15,"{""CO"": 4.15, ""CH4"": 11.35, ""H2S"": 10.89}",Hyderabad,Division 119 (Old Bowenpally),Hasmathnagar,"{""CO"": 4.15, ""CH4"": 11.35, ""H2S"": 10.89}"
265,MH-0044,uploads/MH-0044_before_1752926456_7115.jpg,uploads/MH-0044_after_1752926456_4422.jpg,"17.475985,78.484086",2025-07-19T17:30:56.161294+00:00,18,,Hyderabad,Division 119 (Old Bowenpally),Hasmathnagar,
266,MH-0044,uploads/MH-0044_before_1752925256_7260.jpg,uploads/MH-0044_after_1752925256_5828.jpg,"17.475985,78.484086",2025-07-19T17:10:56.161294+00:00,29,"{""CO"": 4.07, ""CH4"": 85.49, ""H2S"": 9.55}",Hyderabad,Division 119 (Old Bowenpally),Hasmathnagar,"{""CO"": 4.07, ""CH4"": 85.49, ""H2S"": 9.55}"
267,MH-0044,uploads/MH-0044_before_1752923876_2034.jpg,uploads/MH-0044_after_1752923876_6918.jpg,"17.475985,78.484086",2025-07-19T16:47:56.161294+00:00,26,"{""CO"": 3.63, ""CH4"": 20.32, ""H2S"": 19.19}",Hyderabad,Division 119 (Old Bowenpally),Hasmathnagar,"{""CO"": 3.63, ""CH4"": 20.32, ""H2S"": 19.19}"
268,MH-0045,uploads/MH-0045_before_1753015256_6523.jpg,uploads/MH-0045_after_1753015256_1105.jpg,"17.474221,78.481043",2025-07-20T18:10:56.161294+00:00,30,,Hyderabad,Division 119 (Old Bowenpally),Hasmathnagar,
269,MH-0045,uploads/MH-0045_before_1753014356_7623.jpg,uploads/MH-0045_after_1753014356_6827.jpg,"17.474221,78.481043",2025-07-20T17:55:56.161294+00:00,22,"{""CO"": 1.18, ""CH4"": 92.78, ""H2S"": 18.84}",Hyderabad,Division 119 (Old Bowenpally),Hasmathnagar,"{""CO"": 1.18, ""CH4"": 92.78, ""H2S"": 18.84}"
270,MH-0045,uploads/MH-0045_before_1753013216_4102.jpg,uploads/MH-0045_after_1753013216_5816.jpg,"17.474221,78.481043",2025-07-20T17:36:56.161294+00:00,28,"{""CO"": 1.15, ""CH4"": 29.67, ""H2S"": 1.63}",Hyderabad,Division 119 (Old Bowenpally),Hasmathnagar,"{""CO"": 1.15, ""CH4"": 29.67, ""H2S"": 1.63}"
271,MH-0045,uploads/MH-0045_before_1753011656_1947.jpg,uploads/MH-0045_after_1753011656_5723.jpg,"17.474221,78.481043",2025-07-20T17:10:56.161294+00:00,30,"{""CO"": 2.31, ""CH4"": 85.91, ""H2S"": 4.88}",Hyderabad,Division 119 (Old Bowenpally),Hasmathnagar,"{""CO"": 2.31, ""CH4"": 85.91, ""H2S"": 4.88}"
272,MH-0045,uploads/MH-0045_before_1753009856_7707.jpg,uploads/MH-0045_after_1753009856_7867.jpg,"17.474221,78.481043",2025-07-20T16:40:56.161294+00:00,22,,Hyderabad,Division 119 (Old Bowenpally),Hasmathnagar,
273,MH-0045,uploads/MH-0045_before_1753008956_9215.jpg,uploads/MH-0045_after_1753008956_4371.jpg,"17.474221,78.481043",2025-07-20T16:25:56.161294+00:00,22,"{""CO"": 1.37, ""CH4"": 14.78, ""H2S"": 12.94}",Hyderabad,Division 119 (Old Bowenpally),Hasmathnagar,"{""CO"": 1.37, ""CH4"": 14.78, ""H2S"": 12.94}"
274,MH-0045,uploads/MH-0045_before_1753007816_9951.jpg,uploads/MH-0045_after_1753007816_9592.jpg,"17.474221,78.481043",2025-07-20T16:06:56.161294+00:00,23,"{""CO"": 2.48, ""CH4"": 22.17, ""H2S"": 2.62}",Hyderabad,Division 119 (Old Bowenpally),Hasmathnagar,"{""CO"": 2.48, ""CH4"": 22.17, ""H2S"": 2.62}"
275,MH-0045,uploads/MH-0045_before_1753006856_1334.jpg,uploads/MH-0045_after_1753006856_7758.jpg,"17.474221,78.481043",2025-07-20T15:50:56.161294+00:00,21,"{""CO"": 3.72, ""CH4"": 26.33, ""H2S"": 13.7}",Hyderabad,Division 119 (Old Bowenpally),Hasmathnagar,"{""CO"": 3.72, ""CH4"": 26.33, ""H2S"": 13.7}"
276,MH-0046,uploads/MH-0046_before_1751373236_9773.jpg,uploads/MH-0046_after_1751373236_9736.jpg,"17.474731,78.482866",2025-07-01T18:03:56.161294+00:00,15,"{""CO"": 3.85, ""CH4"": 10.69, ""H2S"": 5.3}",Hyderabad,Division 119 (Old Bowenpally),Hasmathnagar,"{""CO"": 3.85, ""CH4"": 10.69, ""H2S"": 5.3}"
277,MH-0046,uploads/MH-0046_before_1751371856_8800.jpg,uploads/MH-0046_after_1751371856_9785.jpg,"17.474731,78.482866",2025-07-01T17:40:56.161294+00:00,27,,Hyderabad,Division 119 (Old Bowenpally),Hasmathnagar,
278,MH-0046,uploads/MH-0046_before_1751370476_7459.jpg,uploads/MH-0046_after_1751370476_2356.jpg,"17.474731,78.482866",2025-07-01T17:17:56.161294+00:00,26,,Hyderabad,Division 119 (Old Bowenpally),Hasmathnagar,
279,MH-0046,uploads/MH-0046_before_1751369216_2599.jpg,uploads/MH-0046_after_1751369216_2812.jpg,"17.474731,78.482866",2025-07-01T16:56:56.161294+00:00,18,"{""CO"": 0.4, ""CH4"": 19.01, ""H2S"": 1.62}",Hyderabad,Division 119 (Old Bowenpally),Hasmathnagar,"{""CO"": 0.4, ""CH4"": 19.01, ""H2S"": 1.62}"
280,MH-0046,uploads/MH-0046_before_1751367776_5357.jpg,uploads/MH-0046_after_1751367776_6802.jpg,"17.474731,78.482866",2025-07-01T16:32:56.161294+00:00,17,,Hyderabad,Division 119 (Old Bowenpally),Hasmathnagar,
281,MH-0047,uploads/MH-0047_before_1753447676_8404.jpg,uploads/MH-0047_after_1753447676_3491.jpg,"17.470091,78.477568",2025-07-25T18:17:56.161294+00:00,15,,Hyderabad,Division 119 (Old Bowenpally),Hasmathnagar,
282,MH-0047,uploads/MH-0047_before_1753446716_2001.jpg,uploads/MH-0047_after_1753446716_2517.jpg,"17.470091,78.477568",2025-07-25T18:01:56.161294+00:00,19,"{""CO"": 2.36, ""CH4"": 27.35, ""H2S"": 12.89}",Hyderabad,Division 119 (Old Bowenpally),Hasmathnagar,"{""CO"": 2.36, ""CH4"": 27.35, ""H2S"": 12.89}"
283,MH-0047,uploads/MH-0047_before_1753445096_3607.jpg,uploads/MH-0047_after_1753445096_3272.jpg,"17.470091,78.477568",2025-07-25T17:34:56.161294+00:00,29,,Hyderabad,Division 119 (Old Bowenpally),Hasmathnagar,
284,MH-0047,uploads/MH-0047_before_1753444076_1791.jpg,uploads/MH-0047_after_1753444076_6521.jpg,"17.470091,78.477568",2025-07-25T17:17:56.161294+00:00,23,"{""CO"": 3.81, ""CH4"": 35.15, ""H2S"": 7.38}",Hyderabad,Division 119 (Old Bowenpally),Hasmathnagar,"{""CO"": 3.81, ""CH4"": 35.15, ""H2S"": 7.38}"
285,MH-0047,uploads/MH-0047_before_1753442876_5848.jpg,uploads/MH-0047_after_1753442876_4503.jpg,"17.470091,78.477568",2025-07-25T16:57:56.161294+00:00,24,,Hyderabad,Division 119 (Old Bowenpally),Hasmathnagar,
286,MH-0047,uploads/MH-0047_before_1753441916_3058.jpg,uploads/MH-0047_after_1753441916_6499.jpg,"17.470091,78.477568",2025-07-25T16:41:56.161294+00:00,21,"{""CO"": 0.75, ""CH4"": 17.56, ""H2S"": 4.34}",Hyderabad,Division 119 (Old Bowenpally),Hasmathnagar,"{""CO"": 0.75, ""CH4"": 17.56, ""H2S"": 4.34}"
287,MH-0047,uploads/MH-0047_before_1753440296_5603.jpg,uploads/MH-0047_after_1753440296_2963.jpg,"17.470091,78.477568",2025-07-25T16:14:56.161294+00:00,30,"{""CO"": 3.4, ""CH4"": 82.55, ""H2S"": 13.37}",Hyderabad,Division 119 (Old Bowenpally),Hasmathnagar,"{""CO"": 3.4, ""CH4"": 82.55, ""H2S"": 13.37}"
288,MH-0048,uploads/MH-0048_before_1753706936_7185.jpg,uploads/MH-0048_after_1753706936_2114.jpg,"17.470367,78.479932",2025-07-28T18:18:56.161294+00:00,18,,Hyderabad,Division 119 (Old Bowenpally),Hasmathnagar,
289,MH-0048,uploads/MH-0048_before_1753705136_7933.jpg,uploads/MH-0048_after_1753705136_9699.jpg,"17.470367,78.479932",2025-07-28T17:48:56.161294+00:00,21,"{""CO"": 4.01, ""CH4"": 64.9, ""H2S"": 14.51}",Hyderabad,Division 119 (Old Bowenpally),Hasmathnagar,"{""CO"": 4.01, ""CH4"": 64.9, ""H2S"": 14.51}"
290,MH-0048,uploads/MH-0048_before_1753703996_4791.jpg,uploads/MH-0048_after_1753703996_1416.jpg,"17.470367,78.479932",2025-07-28T17:29:56.161294+00:00,16,"{""CO"": 0.37, ""CH4"": 35.52, ""H2S"": 11.54}",Hyderabad,Division 119 (Old Bowenpally),Hasmathnagar,"{""CO"": 0.37, ""CH4"": 35.52, ""H2S"": 11.54}"
291,MH-0048,uploads/MH-0048_before_1753702436_9153.jpg,uploads/MH-0048_after_1753702436_7650.jpg,"17.470367,78.479932",2025-07-28T17:03:56.161294+00:00,22,"{""CO"": 4.87, ""CH4"": 48.79, ""H2S"": 12.5}",Hyderabad,Division 119 (Old Bowenpally),Hasmathnagar,"{""CO"": 4.87, ""CH4"": 48.79, ""H2S"": 12.5}"
292,MH-0048,uploads/MH-0048_before_1753700696_5305.jpg,uploads/MH-0048_after_1753700696_1145.jpg,"17.470367,78.479932",2025-07-28T16:34:56.161294+00:00,17,,Hyderabad,Division 119 (Old Bowenpally),Hasmathnagar,
293,MH-0048,uploads/MH-0048_before_1753699556_5504.jpg,uploads/MH-0048_after_1753699556_2418.jpg,"17.470367,78.479932",2025-07-28T16:15:56.161294+00:00,15,,Hyderabad,Division 119 (Old Bowenpally),Hasmathnagar,
294,MH-0049,uploads/MH-0049_before_1751546156_2460.jpg,uploads/MH-0049_after_1751546156_1804.jpg,"17.473642,78.47911",2025-07-03T18:05:56.161294+00:00,19,"{""CO"": 1.91, ""CH4"": 57.52, ""H2S"": 7.09}",Hyderabad,Division 119 (Old Bowenpally),Hasmathnagar,"{""CO"": 1.91, ""CH4"": 57.52, ""H2S"": 7.09}"
295,MH-0049,uploads/MH-0049_before_1751544356_6622.jpg,uploads/MH-0049_after_1751544356_4992.jpg,"17.473642,78.47911",2025-07-03T17:35:56.161294+00:00,15,"{""CO"": 0.97, ""CH4"": 56.18, ""H2S"": 14.71}",Hyderabad,Division 119 (Old Bowenpally),Hasmathnagar,"{""CO"": 0.97, ""CH4"": 56.18, ""H2S"": 14.71}"
296,MH-0049,uploads/MH-0049_before_1751543456_5397.jpg,uploads/MH-0049_after_1751543456_8844.jpg,"17.473642,78.47911",2025-07-03T17:20:56.161294+00:00,29,"{""CO"": 0.85, ""CH4"": 17.78, ""H2S"": 13.63}",Hyderabad,Division 119 (Old Bowenpally),Hasmathnagar,"{""CO"": 0.85, ""CH4"": 17.78, ""H2S"": 13.63}"
297,MH-0049,uploads/MH-0049_before_1751542076_9114.jpg,uploads/MH-0049_after_1751542076_7429.jpg,"17.473642,78.47911",2025-07-03T16:57:56.161294+00:00,20,"{""CO"": 3.38, ""CH4"": 38.14, ""H2S"": 7.58}",Hyderabad,Division 119 (Old Bowenpally),Hasmathnagar,"{""CO"": 3.38, ""CH4"": 38.14, ""H2S"": 7.58}"
298,MH-0049,uploads/MH-0049_before_1751541116_8107.jpg,uploads/MH-0049_after_1751541116_1817.jpg,"17.473642,78.47911",2025-07-03T16:41:56.161294+00:00,22,"{""CO"": 3.17, ""CH4"": 47.44, ""H2S"": 7.44}",Hyderabad,Division 119 (Old Bowenpally),Hasmathnagar,"{""CO"": 3.17, ""CH4"": 47.44, ""H2S"": 7.44}"
299,MH-0049,uploads/MH-0049_before_1751540216_7086.jpg,uploads/MH-0049_after_1751540216_4298.jpg,"17.473642,78.47911",2025-07-03T16:26:56.161294+00:00,26,,Hyderabad,Division 119 (Old Bowenpally),Hasmathnagar,
300,MH-0049,uploads/MH-0049_before_1751538896_5633.jpg,uploads/MH-0049_after_1751538896_7598.jpg,"17.473642,78.47911",2025-07-03T16:04:56.161294+00:00,23,"{""CO"": 3.71, ""CH4"": 24.42, ""H2S"": 16.28}",Hyderabad,Division 119 (Old Bowenpally),Hasmathnagar,"{""CO"": 3.71, ""CH4"": 24.42, ""H2S"": 16.28}"
301,MH-0049,uploads/MH-0049_before_1751537696_8529.jpg,uploads/MH-0049_after_1751537696_1971.jpg,"17.473642,78.47911",2025-07-03T15:44:56.161294+00:00,23,"{""CO"": 4.16, ""CH4"": 59.91, ""H2S"": 16.81}",Hyderabad,Division 119 (Old Bowenpally),Hasmathnagar,"{""CO"": 4.16, ""CH4"": 59.91, ""H2S"": 16.81}"
302,MH-0049,uploads/MH-0049_before_1751536436_3379.jpg,uploads/MH-0049_after_1751536436_5167.jpg,"17.473642,78.47911",2025-07-03T15:23:56.161294+00:00,26,"{""CO"": 4.93, ""CH4"": 36.06, ""H2S"": 10.22}",Hyderabad,Division 119 (Old Bowenpally),Hasmathnagar,"{""CO"": 4.93, ""CH4"": 36.06, ""H2S"": 10.22}"
303,MH-0050,uploads/MH-0050_before_1751891816_2084.jpg,uploads/MH-0050_after_1751891816_5418.jpg,"17.470857,78.478079",2025-07-07T18:06:56.161294+00:00,22,"{""CO"": 3.81, ""CH4"": 84.32, ""H2S"": 2.55}",Hyderabad,Division 119 (Old Bowenpally),Hasmathnagar,"{""CO"": 3.81, ""CH4"": 84.32, ""H2S"": 2.55}"
304,MH-0050,uploads/MH-0050_before_1751890016_3116.jpg,uploads/MH-0050_after_1751890016_3290.jpg,"17.470857,78.478079",2025-07-07T17:36:56.161294+00:00,17,"{""CO"": 0.22, ""CH4"": 72.62, ""H2S"": 18.06}",Hyderabad,Division 119 (Old Bowenpally),Hasmathnagar,"{""CO"": 0.22, ""CH4"": 72.62, ""H2S"": 18.06}"
305,MH-0050,uploads/MH-0050_before_1751888936_9272.jpg,uploads/MH-0050_after_1751888936_3484.jpg,"17.470857,78.478079",2025-07-07T17:18:56.161294+00:00,15,,Hyderabad,Division 119 (Old Bowenpally),Hasmathnagar,
306,MH-0050,uploads/MH-0050_before_1751887136_3836.jpg,uploads/MH-0050_after_1751887136_9508.jpg,"17.470857,78.478079",2025-07-07T16:48:56.161294+00:00,19,,Hyderabad,Division 119 (Old Bowenpally),Hasmathnagar,
307,MH-0050,uploads/MH-0050_before_1751885336_7336.jpg,uploads/MH-0050_after_1751885336_1508.jpg,"17.470857,78.478079",2025-07-07T16:18:56.161294+00:00,28,"{""CO"": 1.58, ""CH4"": 2.78, ""H2S"": 11.97}",Hyderabad,Division 119 (Old Bowenpally),Hasmathnagar,"{""CO"": 1.58, ""CH4"": 2.78, ""H2S"": 11.97}"
308,MH-0050,uploads/MH-0050_before_1751883716_3285.jpg,uploads/MH-0050_after_1751883716_3242.jpg,"17.470857,78.478079",2025-07-07T15:51:56.161294+00:00,30,"{""CO"": 1.48, ""CH4"": 71.86, ""H2S"": 4.62}",Hyderabad,Division 119 (Old Bowenpally),Hasmathnagar,"{""CO"": 1.48, ""CH4"": 71.86, ""H2S"": 4.62}"
309,MH-0050,uploads/MH-0050_before_1751882096_1042.jpg,uploads/MH-0050_after_1751882096_4267.jpg,"17.470857,78.478079",2025-07-07T15:24:56.161294+00:00,23,,Hyderabad,Division 119 (Old Bowenpally),Hasmathnagar,
310,MH-0050,uploads/MH-0050_before_1751880416_1887.jpg,uploads/MH-0050_after_1751880416_9500.jpg,"17.470857,78.478079",2025-07-07T14:56:56.161294+00:00,20,"{""CO"": 4.11, ""CH4"": 69.2, ""H2S"": 9.57}",Hyderabad,Division 119 (Old Bowenpally),Hasmathnagar,"{""CO"": 4.11, ""CH4"": 69.2, ""H2S"": 9.57}"
311,MH-0050,uploads/MH-0050_before_1751879096_2570.jpg,uploads/MH-0050_after_1751879096_8233.jpg,"17.470857,78.478079",2025-07-07T14:34:56.161294+00:00,19,"{""CO"": 4.26, ""CH4"": 61.9, ""H2S"": 16.93}",Hyderabad,Division 119 (Old Bowenpally),Hasmathnagar,"{""CO"": 4.26, ""CH4"": 61.9, ""H2S"": 16.93}"
312,MH-0050,uploads/MH-0050_before_1751877776_7407.jpg,uploads/MH-0050_after_1751877776_5568.jpg,"17.470857,78.478079",2025-07-07T14:12:56.161294+00:00,23,"{""CO"": 0.96, ""CH4"": 88.17, ""H2S"": 15.1}",Hyderabad,Division 119 (Old Bowenpally),Hasmathnagar,"{""CO"": 0.96, ""CH4"": 88.17, ""H2S"": 15.1}"
